Lat,Climate,SpeciesAnal,SaplingCodeUnique,Herbivory,SE,LowerCI,UpperCI
-50,Tropical,Acacia_parramattensis,NA,0.004410638989205554,9.381757024526051e-4,0.0025718484012278824,0.006249429577183226
-49.789579158316634,Tropical,Acacia_parramattensis,NA,0.00448316766812792,9.412072870807599e-4,0.0026384352834629794,0.00632790005279286
-49.57915831663327,Tropical,Acacia_parramattensis,NA,0.004556482598663646,9.440634168562535e-4,0.002706152302503566,0.006406812894823727
-49.3687374749499,Tropical,Acacia_parramattensis,NA,0.004630583455078534,9.467411787061398e-4,0.002775004842133501,0.006486162068023566
-49.15831663326653,Tropical,Acacia_parramattensis,NA,0.0047054696953845185,9.492377505802042e-4,0.002844997891481504,0.006565941499287534
-48.947895791583164,Tropical,Acacia_parramattensis,NA,0.004781140558099916,9.51550408236151e-4,0.0029161360284826747,0.006646145087717157
-48.7374749498998,Tropical,Acacia_parramattensis,NA,0.004857595059058541,9.536765323203667e-4,0.0029884234028095744,0.006726766715307508
-48.52705410821643,Tropical,Acacia_parramattensis,NA,0.004934831988270195,9.556136157606839e-4,0.003061863718243157,0.006807800258297232
-48.31663326653307,Tropical,Acacia_parramattensis,NA,0.005012849906835144,9.573592714887184e-4,0.0031364602144517526,0.006889239599218536
-48.1062124248497,Tropical,Acacia_parramattensis,NA,0.005091647143914967,9.589112405105726e-4,0.0032122156481436195,0.006971078639686315
-47.895791583166336,Tropical,Acacia_parramattensis,NA,0.005171221793762417,9.602674003460104e-4,0.003289132273556332,0.007053311313968502
-47.68537074148296,Tropical,Acacia_parramattensis,NA,0.0052515717128127195,9.614257738575782e-4,0.003367211822243316,0.007135931603382123
-47.4749498997996,Tropical,Acacia_parramattensis,NA,0.005332694516838888,9.623845384926035e-4,0.0034464554821151848,0.007218933551562592
-47.26452905811623,Tropical,Acacia_parramattensis,NA,0.005414587578173524,9.631420359625048e-4,0.0035268638756904332,0.007302311280656615
-47.054108216432866,Tropical,Acacia_parramattensis,NA,0.005497248022999641,9.636967823854791e-4,0.0036084370375069684,0.007386059008492313
-46.8436873747495,Tropical,Acacia_parramattensis,NA,0.0055806727287129486,9.64047478920242e-4,0.003691174390642638,0.007470171066783259
-46.633266533066134,Tropical,Acacia_parramattensis,NA,0.005664858321358139,9.641930229202628e-4,0.003775074722289621,0.007554641920426657
-46.42284569138277,Tropical,Acacia_parramattensis,NA,0.005749801173141601,9.641325196396705e-4,0.0038601361583239903,0.007639466187959211
-46.2124248496994,Tropical,Acacia_parramattensis,NA,0.005835497400023028,9.638652945238341e-4,0.003946356136808222,0.007724638663237834
-46.00200400801603,Tropical,Acacia_parramattensis,NA,0.005921942859388325,9.63390906119443e-4,0.004033731380360808,0.007810154338415841
-45.791583166332664,Tropical,Acacia_parramattensis,NA,0.006009133147806256,9.627091596407407e-4,0.0041222578673235834,0.007896008428288928
-45.5811623246493,Tropical,Acacia_parramattensis,NA,0.006097063598871293,9.618201212303846e-4,0.004211930801653791,0.007982196396088794
-45.37074148296593,Tropical,Acacia_parramattensis,NA,0.006185729281134808,9.607241329551e-4,0.004302744581464343,0.008068713980805274
-45.16032064128257,Tropical,Acacia_parramattensis,NA,0.006275124996127229,9.59421828577994e-4,0.0043946927661328,0.008155557226121659
-44.9498997995992,Tropical,Acacia_parramattensis,NA,0.006365245276473269,9.579141501508352e-4,0.0044877680418963384,0.0082427225110502
-44.739478957915836,Tropical,Acacia_parramattensis,NA,0.006456084384102586,9.562023654708666e-4,0.004581962185847681,0.00833020658235749
-44.52905811623246,Tropical,Acacia_parramattensis,NA,0.006547636308558117,9.542880864477052e-4,0.00467726602824497,0.008418006588871265
-44.3186372745491,Tropical,Acacia_parramattensis,NA,0.006639894765404293,9.521732884264346e-4,0.004773669413047413,0.008506120117761173
-44.10821643286573,Tropical,Acacia_parramattensis,NA,0.00673285319473732,9.498603305130607e-4,0.004871161156588409,0.00859454523288623
-43.897795591182366,Tropical,Acacia_parramattensis,NA,0.006826504759799637,9.473519769479372e-4,0.004969729004298861,0.008683280515300413
-43.687374749499,Tropical,Acacia_parramattensis,NA,0.0069208423457006694,9.446514195713817e-4,0.005069359585396126,0.008772325106005213
-43.476953907815634,Tropical,Acacia_parramattensis,NA,0.007015858558245936,9.417623014233615e-4,0.005170038365458594,0.008861678751033279
-43.26653306613227,Tropical,Acacia_parramattensis,NA,0.007111545722876452,9.386887415155108e-4,0.005271749596812822,0.008951341848940081
-43.056112224448896,Tropical,Acacia_parramattensis,NA,0.007207895883720541,9.354353608087786e-4,0.005374476266670105,0.009041315500770978
-42.84569138276553,Tropical,Acacia_parramattensis,NA,0.0073049008027597315,9.320073094230984e-4,0.005478200042962381,0.009131601562557082
-42.635270541082164,Tropical,Acacia_parramattensis,NA,0.007402551959110838,9.284102950966387e-4,0.005582901217845223,0.009222202700376454
-42.4248496993988,Tropical,Acacia_parramattensis,NA,0.0075008405484258715,9.246506129007006e-4,0.0056885586488576115,0.009313122447994131
-42.21442885771543,Tropical,Acacia_parramattensis,NA,0.0075997574824115755,9.207351762019711e-4,0.005795149697756572,0.009404365267066579
-42.00400801603207,Tropical,Acacia_parramattensis,NA,0.007699293388470279,9.166715488459612e-4,0.005902650167079646,0.009495936609860912
-41.7935871743487,Tropical,Acacia_parramattensis,NA,0.007799438609463737,9.124679785136204e-4,0.006011034234530973,0.009587842984396501
-41.58316633266533,Tropical,Acacia_parramattensis,NA,0.007900183203601483,9.081334311765661e-4,0.006120274385338629,0.009680092021864336
-41.37274549098196,Tropical,Acacia_parramattensis,NA,0.008001516944455136,9.036776265445737e-4,0.0062303413427931345,0.009772692546117137
-41.1623246492986,Tropical,Acacia_parramattensis,NA,0.008103429321100319,8.991110743611437e-4,0.006341203997251363,0.009865654644949274
-40.95190380761523,Tropical,Acacia_parramattensis,NA,0.008205909538387377,8.944451113584094e-4,0.006452829333976977,0.009958989742797778
-40.741482965931866,Tropical,Acacia_parramattensis,NA,0.00830894651734216,8.896919386305579e-4,0.006565182360290646,0.010052710674393672
-40.5310621242485,Tropical,Acacia_parramattensis,NA,0.008412528895698386,8.848646591248272e-4,0.006678226032621413,0.010146831758775359
-40.320641282565134,Tropical,Acacia_parramattensis,NA,0.00851664502856245,8.799773148800363e-4,0.006791921184185317,0.010241368872939584
-40.11022044088176,Tropical,Acacia_parramattensis,NA,0.008621282989211936,8.75044923564393e-4,0.006906226454171121,0.01033633952425275
-39.899799599198396,Tropical,Acacia_parramattensis,NA,0.008726430570028818,8.700835137764904e-4,0.007021098219484837,0.0104317629205728
-39.68937875751503,Tropical,Acacia_parramattensis,NA,0.008832075283568316,8.65110158476057e-4,0.007136490530295506,0.010527660036841127
-39.478957915831664,Tropical,Acacia_parramattensis,NA,0.008938204363764234,8.601430058047154e-4,0.007252355050832966,0.010624053676695503
-39.2685370741483,Tropical,Acacia_parramattensis,NA,0.009044804767271585,8.552013064426444e-4,0.0073686410071124005,0.01072096852743077
-39.05811623246493,Tropical,Acacia_parramattensis,NA,0.00915186317494721,8.503054365265435e-4,0.007485295143496575,0.010818431206397843
-38.84769539078157,Tropical,Acacia_parramattensis,NA,0.009259365993469037,8.454769150302153e-4,0.0076022616902497835,0.01091647029668829
-38.637274549098194,Tropical,Acacia_parramattensis,NA,0.009367299357094573,8.407384143852577e-4,0.007719482344480157,0.01101511636970899
-38.42685370741483,Tropical,Acacia_parramattensis,NA,0.0094756491295589,8.361137630007437e-4,0.007836896267099184,0.011114401992018614
-38.21643286573146,Tropical,Acacia_parramattensis,NA,0.009584400906112806,8.316279382338282e-4,0.007954440098637203,0.01121436171358841
-38.0060120240481,Tropical,Acacia_parramattensis,NA,0.009693540015701206,8.273070482758075e-4,0.008072047996924485,0.011315032034477928
-37.79559118236473,Tropical,Acacia_parramattensis,NA,0.009803051523282013,8.231783013597222e-4,0.0081896516997621,0.011416451346801927
-37.585170340681366,Tropical,Acacia_parramattensis,NA,0.009912920232285696,8.192699606769375e-4,0.008307180615743353,0.01151865984882804
-37.374749498998,Tropical,Acacia_parramattensis,NA,0.010023130687215566,8.156112834231338e-4,0.008424561946321733,0.011621699428109398
-37.16432865731463,Tropical,Acacia_parramattensis,NA,0.01013366717638851,8.122324424912668e-4,0.008541720842030627,0.011725613510746394
-36.95390781563126,Tropical,Acacia_parramattensis,NA,0.010244513734816342,8.091644295027496e-4,0.008658580595420053,0.01183044687421263
-36.743486973947896,Tropical,Acacia_parramattensis,NA,0.010355654147227358,8.064389381293623e-4,0.008775062872763082,0.011936245421691633
-36.53306613226453,Tropical,Acacia_parramattensis,NA,0.010467071951227709,8.040882270160414e-4,0.008891087985883601,0.012043055916571817
-36.322645290581164,Tropical,Acacia_parramattensis,NA,0.010578750440602367,8.021449620733582e-4,0.009006575204558337,0.012150925676646397
-36.1122244488978,Tropical,Acacia_parramattensis,NA,0.010690672668755046,8.006420384673331e-4,0.009121443108850342,0.01225990222865975
-35.90180360721443,Tropical,Acacia_parramattensis,NA,0.010802821452286436,7.996123832851842e-4,0.009235609979455238,0.012370032925117635
-35.69138276553106,Tropical,Acacia_parramattensis,NA,0.010915179374710288,7.990887405821848e-4,0.009348994222717736,0.01248136452670284
-35.480961923847694,Tropical,Acacia_parramattensis,NA,0.01102772879030623,7.991034412911541e-4,0.009461514825453552,0.01259394275515891
-35.27054108216433,Tropical,Acacia_parramattensis,NA,0.011140451828108794,7.996881612672338e-4,0.009573091833161958,0.01270781182305563
-35.06012024048096,Tropical,Acacia_parramattensis,NA,0.011253330396031446,8.008736715030521e-4,0.009683646843719102,0.01282301394834379
-34.8496993987976,Tropical,Acacia_parramattensis,NA,0.011366346185124646,8.026895852338301e-4,0.009793103507300945,0.012939588862948347
-34.63927855711423,Tropical,Acacia_parramattensis,NA,0.011479480673966806,8.051641072063791e-4,0.009901388022197956,0.013057573325735657
-34.428857715430865,Tropical,Acacia_parramattensis,NA,0.011592715133186948,8.083237907600098e-4,0.010008429615450438,0.013177000650923457
-34.21843687374749,Tropical,Acacia_parramattensis,NA,0.0117060306301176,8.121933085178295e-4,0.010114160996938225,0.013297900263296974
-34.00801603206413,Tropical,Acacia_parramattensis,NA,0.011819408033576704,8.1679524238246e-4,0.010218518775763418,0.01342029729138999
-33.79759519038076,Tropical,Acacia_parramattensis,NA,0.01193282801877685,8.221498981560749e-4,0.01032144382849767,0.01354421220905603
-33.587174348697395,Tropical,Acacia_parramattensis,NA,0.012046271072360407,8.282751494658945e-4,0.010422881610117724,0.01366966053460309
-33.37675350701403,Tropical,Acacia_parramattensis,NA,0.012159717497558733,8.351863147986201e-4,0.010522782400172705,0.01379665259494476
-33.166332665330664,Tropical,Acacia_parramattensis,NA,0.012273147419473777,8.428960703763795e-4,0.010621101478825735,0.013925193360121818
-32.9559118236473,Tropical,Acacia_parramattensis,NA,0.012386540790480243,8.514144004042204e-4,0.010717799229769207,0.01405528235119128
-32.745490981963925,Tropical,Acacia_parramattensis,NA,0.012499877395746314,8.607485849574923e-4,0.010812841169485814,0.014186913622006813
-32.53507014028057,Tropical,Acacia_parramattensis,NA,0.012613136858870846,8.709032245328768e-4,0.010906197904766608,0.014320075812975085
-32.324649298597194,Tropical,Acacia_parramattensis,NA,0.01272629864763522,8.818802991323758e-4,0.010997845022660355,0.014454752272610085
-32.11422845691383,Tropical,Acacia_parramattensis,NA,0.012839342079867247,8.93679258748292e-4,0.011087762918990142,0.014590921240744351
-31.903807615230463,Tropical,Acacia_parramattensis,NA,0.012952246329415275,9.062971413173776e-4,0.011175936573141608,0.014728556085688942
-31.693386773547097,Tropical,Acacia_parramattensis,NA,0.013064990432229747,9.197287136434848e-4,0.011262355277941165,0.01486762558651833
-31.482965931863728,Tropical,Acacia_parramattensis,NA,0.013177553292550164,9.33966630461164e-4,0.011347012334084054,0.015008094251016275
-31.272545090180362,Tropical,Acacia_parramattensis,NA,0.013289913689194655,9.490016067201107e-4,0.011429904718752593,0.015149922659636716
-31.062124248496996,Tropical,Acacia_parramattensis,NA,0.013402050281949773,9.648225982899334e-4,0.011511032737831148,0.015293067826068398
-30.851703406813627,Tropical,Acacia_parramattensis,NA,0.013513941618057697,9.814169865825372e-4,0.011590399670540095,0.015437483565575299
-30.64128256513026,Tropical,Acacia_parramattensis,NA,0.013625566138798314,9.987707630253141e-4,0.01166801141445711,0.015583120863139517
-30.430861723446895,Tropical,Acacia_parramattensis,NA,0.013736902186163176,0.0010168687098493737,0.011743876137852693,0.015729928234473656
-30.22044088176353,Tropical,Acacia_parramattensis,NA,0.013847928009618584,0.001035694574241971,0.011818003945120777,0.01587785207411639
-30.01002004008016,Tropical,Acacia_parramattensis,NA,0.013958621772954923,0.001055231233513768,0.011890406559906162,0.016026836986003684
-29.799599198396795,Tropical,Acacia_parramattensis,NA,0.014068961561219114,0.0010754608495185344,0.011961097029379936,0.016176826093058292
-29.58917835671343,Tropical,Acacia_parramattensis,NA,0.014178925387727137,0.001096365011111283,0.012030089452039167,0.016327761323415107
-29.37875751503006,Tropical,Acacia_parramattensis,NA,0.014288491201153676,0.0011179248639236977,0.012097398730441388,0.016479583671865965
-29.168336673346694,Tropical,Acacia_parramattensis,NA,0.0143976368926955,0.0011401212271627587,0.012163040349446883,0.016632233435944114
-28.95791583166333,Tropical,Acacia_parramattensis,NA,0.01450634030330542,0.0011629346974953117,0.012227030179842627,0.016785650426768214
-28.747494989979963,Tropical,Acacia_parramattensis,NA,0.01461457923099353,0.001186345740367967,0.01228938430665981,0.016939774155327252
-28.537074148296593,Tropical,Acacia_parramattensis,NA,0.01472233143819243,0.001210334769331968,0.01235011888106518,0.01709454399531968
-28.326653306613228,Tropical,Acacia_parramattensis,NA,0.014829574659182916,0.0012348822141023798,0.012409249994393173,0.01724989932397266
-28.116232464929862,Tropical,Acacia_parramattensis,NA,0.0149362866075768,0.0012599685781876989,0.012466793572676771,0.01740577964247683
-27.905811623246493,Tropical,Acacia_parramattensis,NA,0.015042444983853225,0.001285574486987716,0.012522765289913746,0.017562124677792702
-27.695390781563127,Tropical,Acacia_parramattensis,NA,0.015148027482945171,0.0013116807272822912,0.012577180498256577,0.017718874467633768
-27.48496993987976,Tropical,Acacia_parramattensis,NA,0.015253011801872314,0.0013382682790291812,0.012630054173322719,0.01787596943042191
-27.274549098196395,Tropical,Acacia_parramattensis,NA,0.015357375647416759,0.0013653183403622468,0.012681400872874756,0.01803335042195876
-27.064128256513026,Tropical,Acacia_parramattensis,NA,0.015461096743837919,0.0013928123466381886,0.012731234707204352,0.018190958780471486
-26.85370741482966,Tropical,Acacia_parramattensis,NA,0.015564152840622887,0.001420731984325688,0.012779569319660414,0.01834873636158536
-26.643286573146295,Tropical,Acacia_parramattensis,NA,0.015666521720268573,0.0014490592004696825,0.01282641787588159,0.018506625564655557
-26.432865731462925,Tropical,Acacia_parramattensis,NA,0.015768181206091837,0.0014777762083988556,0.012871793060419924,0.01866456935176375
-26.22244488977956,Tropical,Acacia_parramattensis,NA,0.01586910917006369,0.0015068654902789629,0.012915707079570633,0.01882251126055675
-26.012024048096194,Tropical,Acacia_parramattensis,NA,0.015969283540664087,0.0015363097970504406,0.012958171669349185,0.01898039541197899
-25.80160320641283,Tropical,Acacia_parramattensis,NA,0.016068682310753035,0.0015660921462269575,0.012999198107677162,0.019138166513828908
-25.59118236472946,Tropical,Acacia_parramattensis,NA,0.01616728354545456,0.0015961958179736804,0.013038797229952697,0.019295769860956425
-25.380761523046093,Tropical,Acacia_parramattensis,NA,0.016265065390049415,0.00162660434983005,0.013076979447286327,0.0194531513328125
-25.170340681362728,Tropical,Acacia_parramattensis,NA,0.01636200607787255,0.0016573015303926147,0.013113754766779912,0.01961025738896519
-24.959919839679362,Tropical,Acacia_parramattensis,NA,0.016458083938211833,0.0016882713922288179,0.013149132813314056,0.01976703506310961
-24.749498997995993,Tropical,Acacia_parramattensis,NA,0.01655327740420366,0.0017194982042524436,0.013183122852387572,0.019923431956019744
-24.539078156312627,Tropical,Acacia_parramattensis,NA,0.01664756502072175,0.0017509664637558188,0.013215733813622888,0.020079396227820612
-24.32865731462926,Tropical,Acacia_parramattensis,NA,0.016740925452255202,0.0017826608882622818,0.013246974314612948,0.020234876589897456
-24.118236472945892,Tropical,Acacia_parramattensis,NA,0.016833337490771757,0.0018145664073347435,0.013276852684839423,0.02038982229670409
-23.907815631262526,Tropical,Acacia_parramattensis,NA,0.0169247800635624,0.0018466681544520472,0.013305376989439337,0.02054418313768546
-23.69739478957916,Tropical,Acacia_parramattensis,NA,0.01701523224106344,0.001878951459043919,0.013332555052638376,0.020697909429488508
-23.486973947895795,Tropical,Acacia_parramattensis,NA,0.017104673244651928,0.0019114018387571762,0.013358394480704227,0.020850952008599627
-23.276553106212425,Tropical,Acacia_parramattensis,NA,0.017193082454410657,0.0019440049920104844,0.013382902684304032,0.02100326222451728
-23.06613226452906,Tropical,Acacia_parramattensis,NA,0.017280439416858813,0.0019767467908817105,0.013406086900175532,0.021154791933542094
-22.855711422845694,Tropical,Acacia_parramattensis,NA,0.017366723852644216,0.0020096132743607103,0.013427954212043614,0.021305493493244818
-22.645290581162325,Tropical,Acacia_parramattensis,NA,0.017451915664193535,0.0020425906419910132,0.013448511570732603,0.021455319757654467
-22.43486973947896,Tropical,Acacia_parramattensis,NA,0.017535994943316174,0.0020756652479158597,0.013467765813439687,0.021604224073192662
-22.224448897795593,Tropical,Acacia_parramattensis,NA,0.017618941978758487,0.002108823595337593,0.013485723682148537,0.021752160275368436
-22.014028056112227,Tropical,Acacia_parramattensis,NA,0.017700737263703987,0.0021420523313938193,0.013502391841172044,0.02189908268623593
-21.803607214428858,Tropical,Acacia_parramattensis,NA,0.017781361503216145,0.002175338242449391,0.01351777689382268,0.022044946112609612
-21.593186372745492,Tropical,Acacia_parramattensis,NA,0.01786079562161956,0.002208668249799569,0.013531885398215291,0.02218970584502383
-21.382765531062127,Tropical,Acacia_parramattensis,NA,0.017939020769816256,0.002242029405776892,0.01354472388221381,0.0223333176574187
-21.172344689378757,Tropical,Acacia_parramattensis,NA,0.01801601833253282,0.0022754088902518428,0.013556298857536956,0.022475737807528682
-20.96192384769539,Tropical,Acacia_parramattensis,NA,0.018091769935495047,0.00230879400751574,0.013566616833042298,0.022616923037947795
-20.751503006012026,Tropical,Acacia_parramattensis,NA,0.01816625745252634,0.0023421721835328634,0.013575684327210392,0.02275683057784229
-20.54108216432866,Tropical,Acacia_parramattensis,NA,0.018239463012566112,0.00237553096354777,0.013583507879852751,0.022895418145279473
-20.33066132264529,Tropical,Acacia_parramattensis,NA,0.018311369006604763,0.002408858010033164,0.01359009406306894,0.023032643950140586
-20.120240480961925,Tropical,Acacia_parramattensis,NA,0.018381958094531504,0.002442141100963094,0.013595449491478846,0.023168466697584163
-19.90981963927856,Tropical,Acacia_parramattensis,NA,0.01845121321189167,0.0024753681283961426,0.01359958083175691,0.023302845592026427
-19.699398797595194,Tropical,Acacia_parramattensis,NA,0.018519117576549983,0.0025085270973530904,0.013602494811495124,0.02343574034160484
-19.488977955911825,Tropical,Acacia_parramattensis,NA,0.018585654695256262,0.002541606124973579,0.013604198227421642,0.023567111163090883
-19.27855711422846,Tropical,Acacia_parramattensis,NA,0.018650808370110468,0.002574593439936597,0.013604697953001652,0.023696918787219284
-19.068136272545093,Tropical,Acacia_parramattensis,NA,0.01871456270492331,0.002607477382129644,0.013604000945446428,0.023825124464400195
-18.857715430861724,Tropical,Acacia_parramattensis,NA,0.018776902111469637,0.002640246402551959,0.013602114252156357,0.023951689970782918
-18.647294589178358,Tropical,Acacia_parramattensis,NA,0.018837811315631104,0.002672889063437415,0.013599045016622777,0.02407657761463943
-18.436873747494992,Tropical,Acacia_parramattensis,NA,0.018897275363424972,0.0027053940385831417,0.01359480048381265,0.024199750243037294
-18.226452905811627,Tropical,Acacia_parramattensis,NA,0.018955279626916035,0.0027377501138703773,0.013589388005059665,0.024321171248772405
-18.016032064128257,Tropical,Acacia_parramattensis,NA,0.019011809810008586,0.002769946187964481,0.01358281504248419,0.024440804577532983
-17.805611222444888,Tropical,Acacia_parramattensis,NA,0.01906685195411537,0.0028019712731814877,0.013575089172963814,0.024558614735266923
-17.595190380761522,Tropical,Acacia_parramattensis,NA,0.019120392443700708,0.0028338144965090696,0.013566218091675426,0.02467456679572599
-17.384769539078157,Tropical,Acacia_parramattensis,NA,0.01917241801169488,0.002865465100770251,0.013556209615228753,0.02478862640816101
-17.17434869739479,Tropical,Acacia_parramattensis,NA,0.019222915744777087,0.002896912445918625,0.013545071684410746,0.02490075980514343
-16.963927855711425,Tropical,Acacia_parramattensis,NA,0.01927187308852396,0.00292814601045431,0.01353281236655887,0.02501093381048905
-16.75350701402806,Tropical,Acacia_parramattensis,NA,0.019319277852421334,0.002959155392950342,0.013519439857581195,0.025119115847261474
-16.543086172344694,Tropical,Acacia_parramattensis,NA,0.019365118214736604,0.0029899303136795966,0.01350496248364005,0.025225273945833158
-16.332665330661328,Tropical,Acacia_parramattensis,NA,0.0194093827272489,0.003020460616332774,0.01348938870251501,0.02532937675198279
-16.122244488977955,Tropical,Acacia_parramattensis,NA,0.019452060319834954,0.0030507362698183505,0.01347272710466092,0.02543139353500899
-15.91182364729459,Tropical,Acacia_parramattensis,NA,0.01949314030490815,0.0030807473701358746,0.01345498641397535,0.02553129419584095
-15.701402805611224,Tropical,Acacia_parramattensis,NA,0.019532612381708607,0.0031104841423142695,0.013436175488289681,0.025629049275127533
-15.490981963927858,Tropical,Acacia_parramattensis,NA,0.019570466640441684,0.003139936942407185,0.013416303319596784,0.025724629961286584
-15.280561122244492,Tropical,Acacia_parramattensis,NA,0.019606693566263392,0.0031690962595378627,0.013395379034028583,0.0258180080984982
-15.070140280561127,Tropical,Acacia_parramattensis,NA,0.01964128404311017,0.003197952717986229,0.013373411891595187,0.025909156194625152
-14.859719438877761,Tropical,Acacia_parramattensis,NA,0.019674229357371106,0.003226497079311241,0.013350411285697401,0.02599804742904481
-14.649298597194388,Tropical,Acacia_parramattensis,NA,0.01970552120140105,0.0032547202445019356,0.013326386742423858,0.02608465566037824
-14.438877755511022,Tropical,Acacia_parramattensis,NA,0.019735151676872408,0.003282613256150765,0.013301347919643155,0.02616895543410166
-14.228456913827657,Tropical,Acacia_parramattensis,NA,0.019763113297964093,0.0033101673006431975,0.013275304605901258,0.02625092199002693
-14.018036072144291,Tropical,Acacia_parramattensis,NA,0.01978939899438592,0.0033373737103577755,0.013248266719133872,0.02633053126963797
-13.807615230460925,Tropical,Acacia_parramattensis,NA,0.019814002114237,0.0033642239658711044,0.01322024430520313,0.02640775992327087
-13.59719438877756,Tropical,Acacia_parramattensis,NA,0.01983691642669652,0.003390709698162467,0.01319124753626741,0.026482585317125634
-13.386773547094194,Tropical,Acacia_parramattensis,NA,0.01985813612454554,0.003416822690812996,0.013161286708992831,0.026554985540098247
-13.176352705410821,Tropical,Acacia_parramattensis,NA,0.019877655826518608,0.0034425548821945978,0.01313037224261467,0.026624939410422547
-12.965931863727455,Tropical,Acacia_parramattensis,NA,0.019895470579483945,0.003467898367643976,0.01309851467685651,0.02669242648211138
-12.75551102204409,Tropical,Acacia_parramattensis,NA,0.019911575860450947,0.0034928454016173375,0.013065724669714627,0.02675742705118727
-12.545090180360724,Tropical,Acacia_parramattensis,NA,0.019925967578404157,0.003517388399821575,0.0130320129951149,0.026819922161693415
-12.334669338677358,Tropical,Acacia_parramattensis,NA,0.019938642075962697,0.0035415199413178877,0.012997390540449233,0.026879893611476163
-12.124248496993992,Tropical,Acacia_parramattensis,NA,0.019949596130864198,0.0035652327705939656,0.012961868303998075,0.02693732395773032
-11.913827655310627,Tropical,Acacia_parramattensis,NA,0.01995882695727266,0.0035885197996010833,0.012925457392245645,0.026992196522299672
-11.703406813627254,Tropical,Acacia_parramattensis,NA,0.01996633220690936,0.0036113741097525695,0.012888169017093925,0.027044495396724797
-11.492985971943888,Tropical,Acacia_parramattensis,NA,0.019972109970006438,0.0036337889538803174,0.012850014492981537,0.02709420544703134
-11.282565130260522,Tropical,Acacia_parramattensis,NA,0.01997615877608245,0.003655757758146099,0.012811005233913207,0.02714131231825169
-11.072144288577157,Tropical,Acacia_parramattensis,NA,0.019978477594539648,0.0036772741239046764,0.012771152750405404,0.02718580243867389
-10.86172344689379,Tropical,Acacia_parramattensis,NA,0.019979065835082733,0.0036983318295157708,0.012730468646353696,0.02722766302381177
-10.651302605210425,Tropical,Acacia_parramattensis,NA,0.019977923347958528,0.003718924832102116,0.012688964615826715,0.027266882080090343
-10.44088176352706,Tropical,Acacia_parramattensis,NA,0.01997505042401685,0.003739047269250966,0.01264665243979212,0.02730344840824158
-10.230460921843687,Tropical,Acacia_parramattensis,NA,0.019970447794592467,0.0037586934606565806,0.012603543982779353,0.02733735160640558
-10.02004008016032,Tropical,Acacia_parramattensis,NA,0.01996411663120782,0.0037778579097012153,0.012559651189483666,0.027368582072931972
-9.809619238476955,Tropical,Acacia_parramattensis,NA,0.01995605854509726,0.0037965353049724676,0.012514986081316435,0.027397131008878087
-9.59919839679359,Tropical,Acacia_parramattensis,NA,0.019946275586552598,0.003814720521714732,0.01246956075290588,0.027422990420199314
-9.388777555110224,Tropical,Acacia_parramattensis,NA,0.019934770244090433,0.0038324086232128,0.012423387368552613,0.027446153119628253
-9.178356713426858,Tropical,Acacia_parramattensis,NA,0.01992154544344177,0.003849594862105648,0.012376478158644268,0.027466612728239276
-8.967935871743492,Tropical,Acacia_parramattensis,NA,0.01990660454636438,0.0038662746816286266,0.01232884541603321,0.027484363676695548
-8.75751503006012,Tropical,Acacia_parramattensis,NA,0.019889951349278435,0.003882443716782307,0.012280501492381291,0.02749940120617558
-8.547094188376754,Tropical,Acacia_parramattensis,NA,0.01987159008172634,0.00389809779542643,0.012231458794475555,0.027511721368977123
-8.336673346693388,Tropical,Acacia_parramattensis,NA,0.019851525404657257,0.003913232939297404,0.012181729780518532,0.02752132102879598
-8.126252505010022,Tropical,Acacia_parramattensis,NA,0.01982976240853754,0.0039278453649479825,0.012131326956396913,0.027528197860678172
-7.9158316633266566,Tropical,Acacia_parramattensis,NA,0.019806306611287672,0.003941931484607766,0.012080262871931945,0.0275323503506434
-7.705410821643291,Tropical,Acacia_parramattensis,NA,0.019781163956047162,0.003955487906963371,0.012028550117115237,0.02753377779497909
-7.494989979959925,Tropical,Acacia_parramattensis,NA,0.0197543408087683,0.003968511437857096,0.01197620131833313,0.027532480299203473
-7.284569138276552,Tropical,Acacia_parramattensis,NA,0.01972584395564008,0.003980999080903051,0.011923229134583047,0.027528458776697115
-7.074148296593187,Tropical,Acacia_parramattensis,NA,0.019695680600343487,0.003992948038019788,0.011869646253684833,0.02752171494700214
-6.863727454909821,Tropical,Acacia_parramattensis,NA,0.01966385836113993,0.004004355709878656,0.011815465388490444,0.027512251333789414
-6.653306613226455,Tropical,Acacia_parramattensis,NA,0.019630385267793923,0.004015219696266981,0.011760699273094786,0.02750007126249306
-6.442885771543089,Tropical,Acacia_parramattensis,NA,0.01959526975833174,0.0040255377963654485,0.011705360659050729,0.02748517885761275
-6.232464929859724,Tropical,Acacia_parramattensis,NA,0.019558520675637847,0.004035308008939079,0.01164946231159122,0.027467579039684477
-6.022044088176358,Tropical,Acacia_parramattensis,NA,0.019520147263890602,0.004044528532441233,0.011593017005861147,0.027447277521920055
-5.811623246492985,Tropical,Acacia_parramattensis,NA,0.01948015916483934,0.004053197765030215,0.01153603752316188,0.0274242808065168
-5.601202404809619,Tropical,Acacia_parramattensis,NA,0.01943856641392459,0.0040613143044981115,0.011478536647210954,0.027398596180638224
-5.390781563126254,Tropical,Acacia_parramattensis,NA,0.0193953794362434,0.004068876948111527,0.01142052716041956,0.02737023171206724
-5.180360721442888,Tropical,Acacia_parramattensis,NA,0.01935060904236202,0.004075884692364044,0.011362021840190379,0.027339196244533664
-4.969939879759522,Tropical,Acacia_parramattensis,NA,0.019304266423977832,0.00408233673264021,0.011303033455238103,0.027305499392717564
-4.7595190380761565,Tropical,Acacia_parramattensis,NA,0.01925636314943318,0.004088232462791054,0.011243574761935228,0.02726915153693113
-4.549098196392791,Tropical,Acacia_parramattensis,NA,0.019206911159082903,0.0040935714746210446,0.011183658500685138,0.027230163817480668
-4.338677354709418,Tropical,Acacia_parramattensis,NA,0.01915592276051832,0.004098353557286594,0.011123297392324984,0.02718854812871166
-4.128256513026052,Tropical,Acacia_parramattensis,NA,0.019103410623650095,0.004102578696606307,0.011062504134560457,0.027144317112739732
-3.9178356713426865,Tropical,Acacia_parramattensis,NA,0.019049387775652283,0.004106247074283082,0.011001291398434476,0.02709748415287009
-3.707414829659321,Tropical,Acacia_parramattensis,NA,0.018993867595770503,0.004109359067038429,0.010939671824832065,0.02704806336670894
-3.496993987975955,Tropical,Acacia_parramattensis,NA,0.018936863809996582,0.004111915245659309,0.01087765802102317,0.026996069598969996
-3.2865731462925893,Tropical,Acacia_parramattensis,NA,0.018878390485612646,0.004113916373957909,0.010815262557245532,0.026941518413979758
-3.0761523046092236,Tropical,Acacia_parramattensis,NA,0.01881846202560735,0.0041153634076448575,0.010752497963329402,0.0268844260878853
-2.865731462925851,Tropical,Acacia_parramattensis,NA,0.018757093162967316,0.004116257493116433,0.01068937672536598,0.026824809600568652
-2.655310621242485,Tropical,Acacia_parramattensis,NA,0.018694298954846252,0.004116599966156271,0.010625911282421158,0.026762686627271347
-2.4448897795591193,Tropical,Acacia_parramattensis,NA,0.01863009477661541,0.004116392350552417,0.0105621140232965,0.02669807552993432
-2.2344689378757536,Tropical,Acacia_parramattensis,NA,0.01856449631579792,0.004115636356630298,0.01049799728333889,0.02663099534825695
-2.024048096192388,Tropical,Acacia_parramattensis,NA,0.018497519565890325,0.0041143338797024935,0.010433573341300488,0.02656146579048016
-1.8136272545090222,Tropical,Acacia_parramattensis,NA,0.018429180820074487,0.004112486998436107,0.010368854416250491,0.026489507223898485
-1.6032064128256565,Tropical,Acacia_parramattensis,NA,0.018359496664823245,0.004110097973138755,0.010303852664540212,0.02641514066510628
-1.3927855711422907,Tropical,Acacia_parramattensis,NA,0.01828848397340265,0.00410716924396396,0.010238580176822689,0.026338387769982614
-1.182364729458918,Tropical,Acacia_parramattensis,NA,0.018216159899274706,0.004103703429037171,0.010173048975128333,0.02625927082342108
-0.9719438877755522,Tropical,Acacia_parramattensis,NA,0.01814254186940369,0.004099703322503394,0.01010727100999784,0.02617781272880954
-0.7615230460921865,Tropical,Acacia_parramattensis,NA,0.018067647577469287,0.004095171892497525,0.010041258157673405,0.026094036997265167
-0.5511022044088207,Tropical,Acacia_parramattensis,NA,0.017991494976990707,0.00409011227903875,0.009975022217349718,0.026007967736631697
-0.340681362725455,Tropical,Acacia_parramattensis,NA,0.017914102274364387,0.004084527791850035,0.009908574908485405,0.02591962964024337
-0.1302605210420893,Tropical,Acacia_parramattensis,NA,0.017835487921819704,0.00407842190810419,0.009841927868176368,0.02582904797546304
0.08016032064127643,Tropical,Acacia_parramattensis,NA,0.01775567061029572,0.004071798270097759,0.00977509264859162,0.025736248571999822
0.29058116232464926,Tropical,Acacia_parramattensis,NA,0.01767466926224295,0.004064660682854144,0.009708080714472846,0.025641257810013054
0.501002004008015,Tropical,Acacia_parramattensis,NA,0.017592503024353577,0.0040570131116574384,0.009640903440698222,0.025544102608008934
0.7114228456913807,Tropical,Acacia_parramattensis,NA,0.017509191260224124,0.004048859679518452,0.009573572109911574,0.025444810410536672
0.9218436873747464,Tropical,Acacia_parramattensis,NA,0.01742475354295401,0.004040204664574428,0.009506097910217403,0.025343409175690616
1.1322645290581121,Tropical,Acacia_parramattensis,NA,0.017339209647683998,0.004031052497424101,0.009438491932942522,0.025239927362425474
1.3426853707414779,Tropical,Acacia_parramattensis,NA,0.017252579544078238,0.004021407758399672,0.00937076517046493,0.025134393917691546
1.5531062124248436,Tropical,Acacia_parramattensis,NA,0.01716488338875386,0.004011275174777423,0.009302928514110503,0.02502683826339722
1.7635270541082164,Tropical,Acacia_parramattensis,NA,0.017076141517661604,0.00400065961792858,0.009234992752117817,0.02491729028320539
1.9739478957915821,Tropical,Acacia_parramattensis,NA,0.016986374438421954,0.003989566100412326,0.009166968567671888,0.02480578030917202
2.184368737474948,Tropical,Acacia_parramattensis,NA,0.016895602822619975,0.003977999773012601,0.009098866537006768,0.02469233910823318
2.3947895791583136,Tropical,Acacia_parramattensis,NA,0.01680384749806338,0.003965965921720623,0.009030697127577762,0.024576997868548996
2.6052104208416793,Tropical,Acacia_parramattensis,NA,0.016711129441007316,0.003953469964664938,0.0089624706963032,0.024459788185711432
2.815631262525045,Tropical,Acacia_parramattensis,NA,0.01661746976834994,0.003940517448990901,0.008894197487876124,0.024340742048823753
3.0260521042084108,Tropical,Acacia_parramattensis,NA,0.01652288972980274,0.003927114047691526,0.00882588763314604,0.024219891826459443
3.2364729458917836,Tropical,Acacia_parramattensis,NA,0.016427410700039505,0.003913265556391652,0.008757551147570774,0.024097270252508237
3.4468937875751493,Tropical,Acacia_parramattensis,NA,0.01633105417082796,0.0038989778900874474,0.008689197929738596,0.023972910411917327
3.657314629258515,Tropical,Acacia_parramattensis,NA,0.016233841743147733,0.0038842570798431793,0.008620837759960382,0.023846845726335084
3.8677354709418807,Tropical,Acacia_parramattensis,NA,0.016135795119299034,0.0038691092694474157,0.008552480298932021,0.02371910993966605
4.0781563126252465,Tropical,Acacia_parramattensis,NA,0.016036936095005557,0.0038535407120306193,0.008484135086466709,0.023589737103544405
4.288577154308612,Tropical,Acacia_parramattensis,NA,0.01593728655151583,0.0038375577666462874,0.008415811540297146,0.023458761562734517
4.498997995991978,Tropical,Acacia_parramattensis,NA,0.01583686844770678,0.0038211668948177372,0.008347518954947262,0.023326217940466295
4.709418837675351,Tropical,Acacia_parramattensis,NA,0.01573570381219333,0.0038043746570526173,0.008279266500673283,0.02319214112371338
4.9198396793587165,Tropical,Acacia_parramattensis,NA,0.01563381473544831,0.0037871877093274037,0.008211063222473853,0.023056566248422766
5.130260521042082,Tropical,Acacia_parramattensis,NA,0.01553122336193596,0.003769612799543925,0.008142918039168664,0.022919528684703257
5.340681362725448,Tropical,Acacia_parramattensis,NA,0.015427951882263471,0.003751656763960203,0.008074839742545388,0.022781064021981552
5.551102204408814,Tropical,Acacia_parramattensis,NA,0.015324022525353998,0.003733326523597734,0.008006836996574316,0.02264120805413368
5.761523046092179,Tropical,Acacia_parramattensis,NA,0.015219457550645056,0.003714629080627438,0.007938918336690148,0.022499996764599964
5.971943887775545,Tropical,Acacia_parramattensis,NA,0.015114279240316211,0.003695571514736518,0.007871092169140503,0.02235746631149192
6.182364729458918,Tropical,Acacia_parramattensis,NA,0.015008509891549672,0.0036761609794784323,0.007803366770400458,0.022213653012698887
6.392785571142284,Tropical,Acacia_parramattensis,NA,0.014902171808827481,0.003656404698608182,0.007735750286652415,0.02206859333100255
6.603206412825649,Tropical,Acacia_parramattensis,NA,0.014795287296269173,0.003636309962405227,0.007668250733330732,0.021922323859207615
6.813627254509015,Tropical,Acacia_parramattensis,NA,0.014687878650013319,0.0036158841239861818,0.007600875994730241,0.021774881305296395
7.024048096192381,Tropical,Acacia_parramattensis,NA,0.014579968150646787,0.003595134595609595,0.007533633823678011,0.021626302477615565
7.2344689378757465,Tropical,Acacia_parramattensis,NA,0.0144715780556851,0.003574068844975018,0.007466531841267396,0.0214766242701028
7.444889779559112,Tropical,Acacia_parramattensis,NA,0.014362730592107556,0.003552694391518615,0.0073995775366536305,0.02132588364756148
7.655310621242485,Tropical,Acacia_parramattensis,NA,0.014253447948950487,0.0035310188027075193,0.007332778266910008,0.021174117630990967
7.865731462925851,Tropical,Acacia_parramattensis,NA,0.01414375226996229,0.0035090496903352284,0.007266141256943814,0.021021363282980765
8.076152304609217,Tropical,Acacia_parramattensis,NA,0.014033665646323204,0.003486794706820146,0.007199673599470823,0.020867657693175584
8.286573146292582,Tropical,Acacia_parramattensis,NA,0.013923210109433719,0.0034642615415096003,0.0071333822550476945,0.020713037963819743
8.496993987975948,Tropical,Acacia_parramattensis,NA,0.01381240762377438,0.00344145791699143,0.007067274052160943,0.020557541195387816
8.707414829659314,Tropical,Acacia_parramattensis,NA,0.013701280079840573,0.003418391585415408,0.007001355687371599,0.02040120447230955
8.91783567134268,Tropical,Acacia_parramattensis,NA,0.013589849287155276,0.003395070324826609,0.006935633725514422,0.02024406484879613
9.128256513026052,Tropical,Acacia_parramattensis,NA,0.01347813696736282,0.0033715019355128753,0.006870114599950502,0.020086159334775137
9.338677354709418,Tropical,Acacia_parramattensis,NA,0.013366164747406975,0.0033476942363685827,0.006804804612872235,0.019927524881941716
9.549098196392784,Tropical,Acacia_parramattensis,NA,0.013253954152796028,0.003323655061276728,0.0067397099356593755,0.01976819836993268
9.75951903807615,Tropical,Acacia_parramattensis,NA,0.013141526600957926,0.003299392255511484,0.006674836609285043,0.01960821659263081
9.969939879759515,Tropical,Acacia_parramattensis,NA,0.013028903394688342,0.0032749136721632794,0.006610190544770502,0.019447616244606183
10.18036072144288,Tropical,Acacia_parramattensis,NA,0.012916105715694279,0.0032502271685884232,0.0065457775236873765,0.01928643390770118
10.390781563126247,Tropical,Acacia_parramattensis,NA,0.012803154618236166,0.003225340602885339,0.006481603198706198,0.019124706037766136
10.601202404809612,Tropical,Acacia_parramattensis,NA,0.012690071022870845,0.003200261830399335,0.0064176730941899185,0.01896246895155177
10.811623246492985,Tropical,Acacia_parramattensis,NA,0.012576875710298092,0.003174998700257911,0.0063539926068311055,0.01879975881376508
11.02204408817635,Tropical,Acacia_parramattensis,NA,0.01246358931531321,0.0031495590519385074,0.00629056700633162,0.0186366116242948
11.232464929859717,Tropical,Acacia_parramattensis,NA,0.012350232320867956,0.0031239507118705876,0.006227401436123343,0.01847306320561257
11.442885771543082,Tropical,Acacia_parramattensis,NA,0.01223682505224226,0.003098181490073926,0.006164500914128728,0.018309149190355794
11.653306613226448,Tropical,Acacia_parramattensis,NA,0.012123387671328926,0.0030722591768349125,0.006101870333559825,0.018144905009098027
11.863727454909814,Tropical,Acacia_parramattensis,NA,0.012009940171033451,0.003046191539422656,0.006039514463754423,0.01798036587831248
12.07414829659318,Tropical,Acacia_parramattensis,NA,0.01189650236979107,0.0030199863188466337,0.005977437951047974,0.017815566788534166
12.284569138276552,Tropical,Acacia_parramattensis,NA,0.01178309390620294,0.0029936512266575763,0.005915645319679938,0.01765054249272594
12.494989979959918,Tropical,Acacia_parramattensis,NA,0.011669734233793696,0.0029671939417933277,0.005854140972733337,0.017485327494854055
12.705410821643284,Tropical,Acacia_parramattensis,NA,0.011556442615891583,0.002940622107471153,0.005792929193105852,0.017319956038677312
12.91583166332665,Tropical,Acacia_parramattensis,NA,0.011443238120633605,0.0029139433281282373,0.005732014144511481,0.01715446209675573
13.126252505010015,Tropical,Acacia_parramattensis,NA,0.011330139616096847,0.0028871651664117873,0.005671399872511153,0.01698887935968254
13.336673346693381,Tropical,Acacia_parramattensis,NA,0.011217165765557754,0.0028602951402202877,0.005611090305571048,0.01682324122554446
13.547094188376747,Tropical,Acacia_parramattensis,NA,0.01110433502288072,0.0028333407197972996,0.005551089256147221,0.01665758078961422
13.75751503006012,Tropical,Acacia_parramattensis,NA,0.01099166562803758,0.0028063093248792653,0.0054914004217953075,0.016491930834279852
13.967935871743485,Tropical,Acacia_parramattensis,NA,0.010879175602758976,0.002779208321898558,0.005432027386303802,0.01632632381921415
14.178356713426851,Tropical,Acacia_parramattensis,NA,0.010766882746319153,0.0027520450212431763,0.00537297362084976,0.016160791871788545
14.388777555110224,Tropical,Acacia_parramattensis,NA,0.010654804631455043,0.002724826674574248,0.005314242485175476,0.01599536677773461
14.599198396793582,Tropical,Acacia_parramattensis,NA,0.01054295860042078,0.002697560472202557,0.005255837228784909,0.015830079972056654
14.809619238476955,Tropical,Acacia_parramattensis,NA,0.010431361761178494,0.0026702535405252214,0.005197760992158495,0.015664962530198494
15.020040080160314,Tropical,Acacia_parramattensis,NA,0.01032003098372645,0.0026429129395236506,0.00514001680798521,0.01550004515946769
15.230460921843687,Tropical,Acacia_parramattensis,NA,0.010208982896564859,0.0026155456603237136,0.005082607602410348,0.015335358190719371
15.440881763527045,Tropical,Acacia_parramattensis,NA,0.010098233883300532,0.0025881586228192082,0.005025536196298098,0.015170931570302965
15.651302605210418,Tropical,Acacia_parramattensis,NA,0.0099878000793905,0.0025607586733594526,0.004968805306507405,0.015006794852273592
15.86172344689379,Tropical,Acacia_parramattensis,NA,0.009877697369025388,0.0025333525825019377,0.004912417547180055,0.01484297719087072
16.07214428857715,Tropical,Acacia_parramattensis,NA,0.00976794138215274,0.002505947042830795,0.004856375431039731,0.01467950733326575
16.282565130260522,Tropical,Acacia_parramattensis,NA,0.009658547491640678,0.0024785486668418635,0.004800681370700861,0.014516413612580496
16.49298597194388,Tropical,Acacia_parramattensis,NA,0.00954953081058212,0.0024511639848950485,0.004745337679986144,0.014353723941178094
16.703406813627254,Tropical,Acacia_parramattensis,NA,0.009440906189739535,0.0024237994432345818,0.0046903465752515215,0.01419146580422755
16.913827655310612,Tropical,Acacia_parramattensis,NA,0.009332688215130565,0.0023964614020778427,0.004635710176717633,0.014029666253543497
17.124248496993985,Tropical,Acacia_parramattensis,NA,0.009224891205753965,0.0023691561337731357,0.004581430509806462,0.013868351901701468
17.334669338677344,Tropical,Acacia_parramattensis,NA,0.009117529211456296,0.002341889821027047,0.0045275095064823325,0.01370754891643026
17.545090180360717,Tropical,Acacia_parramattensis,NA,0.009010616010938643,0.002314668555201671,0.004473949006596007,0.01354728301528128
17.75551102204409,Tropical,Acacia_parramattensis,NA,0.008904165109903309,0.0022874983346821134,0.004420750759231017,0.013387579460575602
17.965931863727448,Tropical,Acacia_parramattensis,NA,0.008798189739340032,0.002260385063314581,0.0043679164240511634,0.0132284630546289
18.17635270541082,Tropical,Acacia_parramattensis,NA,0.00869270285395114,0.002233334548915258,0.004315447572648228,0.013069958135254054
18.38677354709418,Tropical,Acacia_parramattensis,NA,0.008587717130715237,0.0022063525018501994,0.004263345689889004,0.012912088571541469
18.597194388777552,Tropical,Acacia_parramattensis,NA,0.008483244967588578,0.0021794445336863373,0.004211612175260665,0.01275487775991649
18.80761523046091,Tropical,Acacia_parramattensis,NA,0.008379298482343546,0.002152616155913688,0.00416024834421366,0.012598348620473432
19.018036072144284,Tropical,Acacia_parramattensis,NA,0.008275889511543337,0.0021258727787387827,0.004109255429501237,0.012442523593585438
19.228456913827657,Tropical,Acacia_parramattensis,NA,0.008173029609652032,0.0020992197099492884,0.004058634582514809,0.012287424636789255
19.438877755511015,Tropical,Acacia_parramattensis,NA,0.008070730048278995,0.0020726621538497115,0.004008386874614345,0.012133073221943645
19.649298597194388,Tropical,Acacia_parramattensis,NA,0.007969001815556539,0.002046205210268038,0.003958513298452977,0.0119794903326601
19.859719438877747,Tropical,Acacia_parramattensis,NA,0.007867855615649962,0.0020198538736331726,0.003909014769295227,0.011826696462004696
20.07014028056112,Tropical,Acacia_parramattensis,NA,0.007767301868398415,0.001993613032122829,0.003859892126327977,0.011674711610468853
20.280561122244478,Tropical,Acacia_parramattensis,NA,0.00766735070908568,0.001967487466881673,0.0038111461339636592,0.0115235552842077
20.49098196392785,Tropical,Acacia_parramattensis,NA,0.007568011988339239,0.0019414818513092801,0.0037627774831349024,0.011373246493543576
20.701402805611224,Tropical,Acacia_parramattensis,NA,0.007469295272156437,0.0019156007504175713,0.0037147867925800973,0.011223803751732778
20.911823647294582,Tropical,Acacia_parramattensis,NA,0.007371209842056227,0.001889848620257257,0.003667174610119291,0.011075245073993163
21.122244488977955,Tropical,Acacia_parramattensis,NA,0.0072737646953548105,0.0018642298074127508,0.0036199414139197784,0.010927587976789842
21.332665330661314,Tropical,Acacia_parramattensis,NA,0.00717696854556393,0.001838748548565096,0.003573087613751044,0.010780849477376815
21.543086172344687,Tropical,Acacia_parramattensis,NA,0.00708082982290968,0.0018134089701222057,0.0035266135522282866,0.010635046093591073
21.753507014028045,Tropical,Acacia_parramattensis,NA,0.0069853566749706626,0.00178821508791589,0.0034805195060443926,0.010490193843896933
21.963927855711418,Tropical,Acacia_parramattensis,NA,0.0068905569674332515,0.0017631708069648965,0.003434805687189631,0.010346308247676872
22.17434869739479,Tropical,Acacia_parramattensis,NA,0.006796438284962407,0.00173827992130329,0.00338947224415884,0.010203404325765974
22.38476953907815,Tropical,Acacia_parramattensis,NA,0.006703007932186153,0.0017135461138734149,0.003344519263145691,0.010061496601226617
22.595190380761522,Tropical,Acacia_parramattensis,NA,0.00661027293479163,0.00168897295648258,0.003299946769223638,0.009920599100359622
22.80561122244488,Tropical,Acacia_parramattensis,NA,0.006518240040730964,0.001664563909822696,0.003255754727513303,0.009780725353948626
23.016032064128254,Tropical,Acacia_parramattensis,NA,0.00642691572153473,0.0016403223235519062,0.0032119430443359365,0.009641888398733523
23.226452905811612,Tropical,Acacia_parramattensis,NA,0.0063363061737311405,0.0016162514364373647,0.0031685115683527778,0.009504100779109504
23.436873747494985,Tropical,Acacia_parramattensis,NA,0.006246417320368628,0.0015923543765581282,0.003125460091689966,0.00936737454904729
23.647294589178358,Tropical,Acacia_parramattensis,NA,0.006157254812639937,0.0015686341615672563,0.003082788351048931,0.009231721274230944
23.857715430861717,Tropical,Acacia_parramattensis,NA,0.006068824031605214,0.001545093699012004,0.003040496028801916,0.009097152034408511
24.06813627254509,Tropical,Acacia_parramattensis,NA,0.005981130090012216,0.0015217357867111454,0.002998582754072646,0.008963677425951786
24.278557114228448,Tropical,Acacia_parramattensis,NA,0.005894177834211135,0.0014985631131882778,0.00295704810380189,0.008831307564620378
24.48897795591182,Tropical,Acacia_parramattensis,NA,0.005807971846161795,0.0014755782581600077,0.002915891603797834,0.008700052088525756
24.69939879759518,Tropical,Acacia_parramattensis,NA,0.005722516445531032,0.0014527836930779093,0.002875112729771238,0.008569920161290826
24.909819639278552,Tropical,Acacia_parramattensis,NA,0.0056378156918777044,0.0014301817817230385,0.0028347109083552246,0.008440920475400184
25.120240480961925,Tropical,Acacia_parramattensis,NA,0.0055538733869231385,0.0014077747808518555,0.002794685518109735,0.008313061255736541
25.330661322645284,Tropical,Acacia_parramattensis,NA,0.005470693076904494,0.001385564840892309,0.0027550358905105983,0.008186350263298389
25.541082164328657,Tropical,Acacia_parramattensis,NA,0.00538827805500869,0.0013635540066888657,0.002715761310923226,0.008060794799094155
25.751503006012015,Tropical,Acacia_parramattensis,NA,0.00530663136388446,0.0013417442182952284,0.0026768610195609644,0.007936401708207955
25.961923847695388,Tropical,Acacia_parramattensis,NA,0.005225755798229999,0.0013201373118134423,0.0026383342124281293,0.007813177384031868
26.172344689378747,Tropical,Acacia_parramattensis,NA,0.005145653907453858,0.001298735020278141,0.002600180042247805,0.007691127772659911
26.38276553106212,Tropical,Acacia_parramattensis,NA,0.005066327998406491,0.0012775389745845768,0.0025623976193744893,0.007570258377438493
26.593186372745492,Tropical,Acacia_parramattensis,NA,0.004987780138180029,0.0012565507044591515,0.002524986012691659,0.007450574263668399
26.80360721442885,Tropical,Acacia_parramattensis,NA,0.00491001215697372,0.0012357716394710777,0.0024879442504943915,0.007332080063453048
27.014028056112224,Tropical,Acacia_parramattensis,NA,0.004833025651022581,0.0012152031100838509,0.002451271321357171,0.00721477998068799
27.224448897795583,Tropical,Acacia_parramattensis,NA,0.004756821985586728,0.001194846348745163,0.002414966174987024,0.007098677796186432
27.434869739478955,Tropical,Acacia_parramattensis,NA,0.0046814022979988325,0.0011747024910138857,0.0023790277230621307,0.006983776872935534
27.645290581162314,Tropical,Acacia_parramattensis,NA,0.0046067675007672275,0.0011547725767227575,0.0023434548400561067,0.006870080161478349
27.855711422845687,Tropical,Acacia_parramattensis,NA,0.004532918284732114,0.0011350575511753925,0.0023082463640481158,0.006757590205416112
28.06613226452906,Tropical,Acacia_parramattensis,NA,0.0044598551222724166,0.0011155582663762318,0.0022734010975190627,0.0066463091470257704
28.27655310621242,Tropical,Acacia_parramattensis,NA,0.004387578270560645,0.0010962754822920323,0.002238917808133984,0.006536238732987305
28.48697394789579,Tropical,Acacia_parramattensis,NA,0.004316087774863379,0.0010772098681435197,0.00220479522951094,0.006427380320215817
28.69739478957915,Tropical,Acacia_parramattensis,NA,0.00424538347188488,0.001058362003725821,0.002171032061976625,0.0063197348817931355
28.907815631262523,Tropical,Acacia_parramattensis,NA,0.00417546499315123,0.0010397323807562614,0.0021376269733088715,0.006213303012993589
29.11823647294588,Tropical,Acacia_parramattensis,NA,0.004106331768432655,0.001021321404248167,0.0021045785994663743,0.006108084937398935
29.328657314629254,Tropical,Acacia_parramattensis,NA,0.004037983029201462,0.0010031293939092622,0.002071885545305815,0.006004080513097108
29.539078156312627,Tropical,Acacia_parramattensis,NA,0.003970417812123265,9.851565855633127e-4,0.0020395463852867202,0.005901289238959809
29.749498997995985,Tropical,Acacia_parramattensis,NA,0.003903634962578943,9.674031325936091e-4,0.0020075596641642435,0.005799710260993643
29.95991983967936,Tropical,Acacia_parramattensis,NA,0.003837633138214988,9.498691074069375e-4,0.0019759238976701826,0.005699342378759794
30.170340681362717,Tropical,Acacia_parramattensis,NA,0.0037724108125199063,9.325545029166972e-4,0.0019446375731825274,0.005600184051857285
30.38076152304609,Tropical,Acacia_parramattensis,NA,0.003707966278424139,9.154592340437675e-4,0.0019136991503837307,0.0055022334064645465
30.59118236472945,Tropical,Acacia_parramattensis,NA,0.0036442976519213714,8.985831392338405e-4,0.0018831070619081036,0.005405488241934639
30.80160320641282,Tropical,Acacia_parramattensis,NA,0.003581402875708707,8.819259819898453e-4,0.0018528597139784901,0.005309946037438924
31.012024048096194,Tropical,Acacia_parramattensis,NA,0.0035192797228435777,8.654874524181782e-4,0.0018229554870326252,0.00521560395865453
31.222444889779553,Tropical,Acacia_parramattensis,NA,0.003457925800414993,8.492671687874159e-4,0.0017933927363393593,0.0051224588644906265
31.432865731462925,Tropical,Acacia_parramattensis,NA,0.003397338553226968,8.33264679098238e-4,0.001764169792605096,0.005030507313848839
31.643286573146284,Tropical,Acacia_parramattensis,NA,0.0033375152674918994,8.174794626632755e-4,0.001735284962570724,0.004939745572413075
31.853707414829657,Tropical,Acacia_parramattensis,NA,0.0032784530745316857,8.01910931695635e-4,0.0017067365295992821,0.004850169619464089
32.064128256513015,Tropical,Acacia_parramattensis,NA,0.003220148954484489,7.865584329048576e-4,0.001678522754254704,0.004761775154714275
32.27454909819639,Tropical,Acacia_parramattensis,NA,0.0031625997400149663,7.714212490990812e-4,0.001650641874871866,0.004674557605158067
32.48496993987976,Tropical,Acacia_parramattensis,NA,0.0031058021200259466,7.564986007922227e-4,0.0016230921081182464,0.004588512131933647
32.69539078156312,Tropical,Acacia_parramattensis,NA,0.003049752643369506,7.417896478149819e-4,0.0015958716495474909,0.004503633637191521
32.90581162324649,Tropical,Acacia_parramattensis,NA,0.0029944477225553076,7.272934909284888e-4,0.0015689786741450613,0.004419916770965554
33.11623246492985,Tropical,Acacia_parramattensis,NA,0.002939883637454487,7.130091734395032e-4,0.0015424113368663881,0.004337355938042586
33.326653306613224,Tropical,Acacia_parramattensis,NA,0.0028860565389968464,6.989356828159745e-4,0.001516167773167626,0.004255945304826067
33.53707414829658,Tropical,Acacia_parramattensis,NA,0.002832962452859724,6.850719523019296e-4,0.0014902460995294008,0.004175678806190047
33.747494989979955,Tropical,Acacia_parramattensis,NA,0.002780597283146481,6.714168625305601e-4,0.0014646444139737032,0.004096550152319259
33.95791583166333,Tropical,Acacia_parramattensis,NA,0.0027289568160529555,6.579692431344992e-4,0.0014393607965742592,0.0040185528355316516
34.16833667334669,Tropical,Acacia_parramattensis,NA,0.0026780367235199514,6.447278743522196e-4,0.0014143933099605359,0.0039416801370793664
34.37875751503006,Tropical,Acacia_parramattensis,NA,0.0026278325668701377,6.31691488629577e-4,0.0013897399998156741,0.0038659251339246015
34.58917835671342,Tropical,Acacia_parramattensis,NA,0.00257833980042766,6.188587722155149e-4,0.0013653988953685743,0.003791280705486746
34.79959919839679,Tropical,Acacia_parramattensis,NA,0.0025295537751186944,6.062283667509524e-4,0.0013413680098802888,0.0037177395403571
35.01002004008015,Tropical,Acacia_parramattensis,NA,0.002481469742051535,5.937988708499676e-4,0.0013176453411250476,0.003645294142978022
35.22044088176352,Tropical,Acacia_parramattensis,NA,0.0024340828560744277,5.815688416723261e-4,0.0012942288718659919,0.0035739368402828635
35.430861723446895,Tropical,Acacia_parramattensis,NA,0.0023873881793098246,5.695367964865202e-4,0.0012711165703259268,0.0035036597882937225
35.641282565130254,Tropical,Acacia_parramattensis,NA,0.002341380684663441,5.57701214222438e-4,0.0012483063906532053,0.003434454978673677
35.85170340681363,Tropical,Acacia_parramattensis,NA,0.002296055259306756,5.460605370128531e-4,0.001225796273382963,0.003366314245230549
36.062124248496986,Tropical,Acacia_parramattensis,NA,0.002251406708131549,5.34613171722937e-4,0.0012035841458938657,0.0032992292703692325
36.27254509018036,Tropical,Acacia_parramattensis,NA,0.002207429757175113,5.233574914670189e-4,0.0011816679228605273,0.003233191591489698
36.48296593186372,Tropical,Acacia_parramattensis,NA,0.002164119057014871,5.122918371118561e-4,0.0011600455067017736,0.0031681926073279685
36.69338677354709,Tropical,Acacia_parramattensis,NA,0.002121469186131106,5.01414518765694e-4,0.0011387147880248631,0.003104223584237349
36.90380761523046,Tropical,Acacia_parramattensis,NA,0.002079474654236645,4.907238172524355e-4,0.0011176736460658562,0.0030412756624074336
37.11422845691382,Tropical,Acacia_parramattensis,NA,0.0020381299055722713,4.8021798557025113e-4,0.0010969199491262039,0.0029793398620183388
37.324649298597194,Tropical,Acacia_parramattensis,NA,0.0019974293221667852,4.698952503339986e-4,0.0010764515550057154,0.002918407089327855
37.53507014028055,Tropical,Acacia_parramattensis,NA,0.001957367227060661,4.597538132008584e-4,0.001056266311432023,0.002858468142689299
37.745490981963925,Tropical,Acacia_parramattensis,NA,0.0019179378874921583,4.497918522785772e-4,0.001036362056486587,0.0027995137184977296
37.955911823647284,Tropical,Acacia_parramattensis,NA,0.0018791355180450794,4.400075235158093e-4,0.0010167366190274325,0.0027415344170627263
38.16633266533066,Tropical,Acacia_parramattensis,NA,0.0018409542837570533,4.3039896207399336e-4,9.973878191086058e-4,0.002684520748405501
38.37675350701403,Tropical,Acacia_parramattensis,NA,0.0018033883031875772,4.209642836802929e-4,9.783134683965008e-4,0.002628463137978654
38.58717434869739,Tropical,Acacia_parramattensis,NA,0.0017664316514448878,4.1170158596111686e-4,9.595113705830778e-4,0.0025733519323066978
38.79759519038076,Tropical,Acacia_parramattensis,NA,0.0017300783631708893,4.026089497557814e-4,9.409793217960618e-4,0.002519177404545717
39.00801603206412,Tropical,Acacia_parramattensis,NA,0.0016943224354833838,3.936844404099026e-4,9.227151110061698e-4,0.002465929759960598
39.21843687374749,Tropical,Acacia_parramattensis,NA,0.0016591578308748178,3.849261090481077e-4,9.047165204313895e-4,0.002413599141318246
39.42885771543085,Tropical,Acacia_parramattensis,NA,0.001624578480066961,3.76331993825729e-4,8.869813259383823e-4,0.0023621756341955396
39.639278557114224,Tropical,Acacia_parramattensis,NA,0.0015905782848207855,3.679001211591117e-4,8.695072974410044e-4,0.0023116492722005666
39.8496993987976,Tropical,Acacia_parramattensis,NA,0.0015571511207010317,3.596285069342458e-4,8.522921992959971e-4,0.0022620100421060665
40.060120240480956,Tropical,Acacia_parramattensis,NA,0.0015242908397948415,3.515151576934118e-4,8.353337906958368e-4,0.0022132478888938463
40.27054108216433,Tropical,Acacia_parramattensis,NA,0.001491991273383992,3.4355807179958954e-4,8.186298260587705e-4,0.0021653527207092134
40.48096192384769,Tropical,Acacia_parramattensis,NA,0.0014602462345702422,3.3575524057838314e-4,8.021780554160301e-4,0.0021183144137244545
40.69138276553106,Tropical,Acacia_parramattensis,NA,0.0014290495208533524,3.281046494372416e-4,7.859762247962189e-4,0.002072122816910486
40.90180360721442,Tropical,Acacia_parramattensis,NA,0.0013983949166614048,3.206042789617889e-4,7.700220766068662e-4,0.0020267677567159434
41.11222444889779,Tropical,Acacia_parramattensis,NA,0.0013682761958330525,3.132521059890829e-4,7.543133500131265e-4,0.0019822390416529786
41.322645290581164,Tropical,Acacia_parramattensis,NA,0.0013386871240513934,3.0604610465766023e-4,7.388477813136034e-4,0.0019385264667891834
41.53306613226452,Tropical,Acacia_parramattensis,NA,0.0013096214612292026,2.9898424743423957e-4,7.236231043132811e-4,0.001895619818145124
41.743486973947896,Tropical,Acacia_parramattensis,NA,0.0012810729638452433,2.9206450611696857e-4,7.086370506935067e-4,0.0018535088769969798
41.953907815631254,Tropical,Acacia_parramattensis,NA,0.001253035387231524,2.852848528151455e-4,6.938873503790287e-4,0.0018121834240840194
42.16432865731463,Tropical,Acacia_parramattensis,NA,0.0012255024878112413,2.786432609053302e-4,6.793717319019966e-4,0.001771633243720486
42.374749498997986,Tropical,Acacia_parramattensis,NA,0.0011984680252873862,2.721377059638192e-4,6.650879227629496e-4,0.0017318481278118228
42.58517034068136,Tropical,Acacia_parramattensis,NA,0.0011719257647818018,2.6576616667543974e-4,6.510336497886709e-4,0.0016928178797749327
42.79559118236473,Tropical,Acacia_parramattensis,NA,0.001145869478924732,2.5952662571867186e-4,6.372066394869288e-4,0.0016545323183625353
43.00601202404809,Tropical,Acacia_parramattensis,NA,0.001120292949894755,2.5341707062709475e-4,6.236046183980062e-4,0.0016169812813915038
43.21643286573146,Tropical,Acacia_parramattensis,NA,0.0010951899714091455,2.474354946271944e-4,6.102253134429906e-4,0.0015801546293753004
43.42685370741482,Tropical,Acacia_parramattensis,NA,0.0010705543506646885,2.4157989745257264e-4,5.970664522687668e-4,0.0015440422490606103
43.637274549098194,Tropical,Acacia_parramattensis,NA,0.0010463799102289968,2.3584828613461704e-4,5.841257635896501e-4,0.0015086340568683436
43.84769539078155,Tropical,Acacia_parramattensis,NA,0.0010226604898824533,2.30238675769712e-4,5.714009775256231e-4,0.0014739200022392835
44.058116232464926,Tropical,Acacia_parramattensis,NA,9.993899484108712e-4,2.2474909026307745e-4,5.588898259370977e-4,0.0014398900708846446
44.2685370741483,Tropical,Acacia_parramattensis,NA,9.7656216534905e-4,2.1937756304934232e-4,5.465900427561743e-4,0.0014065342879419258
44.47895791583166,Tropical,Acacia_parramattensis,NA,9.541710426753916e-4,2.1412213778997119e-4,5.344993643143254e-4,0.0013738427210364579
44.68937875751503,Tropical,Acacia_parramattensis,NA,9.322105064577898e-4,2.089808690476764e-4,5.226155296664627e-4,0.0013418054832491169
44.89979959919839,Tropical,Acacia_parramattensis,NA,9.106745084510326e-4,2.0395182293796017e-4,5.109362809113407e-4,0.0013104127359907245
45.11022044088176,Tropical,Acacia_parramattensis,NA,8.895570276459599e-4,1.9903307775794103e-4,4.994593635082355e-4,0.0012796546917836842
45.32064128256512,Tropical,Acacia_parramattensis,NA,8.688520717706826e-4,1.94222724592635e-4,4.881825265898763e-4,0.001249521616951489
45.53106212424849,Tropical,Acacia_parramattensis,NA,8.485536787441403e-4,1.895188678988637e-4,4.771035232715633e-4,0.0012200038342167173
45.74148296593185,Tropical,Acacia_parramattensis,NA,8.286559180823738e-4,1.8491962606698718e-4,4.662201109564648e-4,0.0011910917252082828
45.951903807615224,Tropical,Acacia_parramattensis,NA,8.091528922578053e-4,1.8042313196064521e-4,4.5553005163702327e-4,0.0011627757328785875
46.1623246492986,Tropical,Acacia_parramattensis,NA,7.900387380119591e-4,1.760275334347259e-4,4.4503111219247626e-4,0.001135046363831442
46.372745490981956,Tropical,Acacia_parramattensis,NA,7.713076276219796e-4,1.7173099383176752e-4,4.3472106468244516e-4,0.001107894190561514
46.58316633266533,Tropical,Acacia_parramattensis,NA,7.529537701213665e-4,1.675316924570169e-4,4.245976866365729e-4,0.00108130985360616
46.79358717434869,Tropical,Acacia_parramattensis,NA,7.349714124753875e-4,1.6342782503237757e-4,4.14658761340214e-4,0.001055284063610561
47.00400801603206,Tropical,Acacia_parramattensis,NA,7.173548407115814e-4,1.5941760412947756e-4,4.049020781161417e-4,0.001029807603307021
47.21442885771542,Tropical,Acacia_parramattensis,NA,7.00098381005854e-4,1.5549925958210193e-4,3.9532543260228936e-4,0.0010048713294094186
47.42484969939879,Tropical,Acacia_parramattensis,NA,6.83196400724628e-4,1.5167103887823465e-4,3.8592662702551384e-4,9.80466174423742e-4
47.635270541082164,Tropical,Acacia_parramattensis,NA,6.666433094235771e-4,1.479312075319669e-4,3.767034704714017e-4,9.565831483757525e-4
47.84569138276552,Tropical,Acacia_parramattensis,NA,6.504335598034321e-4,1.4427804943552204e-4,3.676537791501195e-4,9.332133404567446e-4
48.056112224448896,Tropical,Acacia_parramattensis,NA,6.345616486234101e-4,1.407098671916638e-4,3.58775376658335e-4,9.103479205884854e-4
48.266533066132254,Tropical,Acacia_parramattensis,NA,6.190221175728151e-4,1.3722498242675174e-4,3.500660942372399e-4,8.879781409083902e-4
48.47695390781563,Tropical,Acacia_parramattensis,NA,6.03809554101348e-4,1.3382173608470925e-4,3.4152377102669376e-4,8.660953371760023e-4
48.687374749498986,Tropical,Acacia_parramattensis,NA,5.889185922087246e-4,1.304984887021816e-4,3.3314625431554154e-4,8.446909301019075e-4
48.89779559118236,Tropical,Acacia_parramattensis,NA,5.743439131941602e-4,1.2725362066515284e-4,3.249313997881387e-4,8.237564266001818e-4
49.10821643286573,Tropical,Acacia_parramattensis,NA,5.600802463663282e-4,1.24085532447302e-4,3.1687707176714005e-4,8.032834209655163e-4
49.31863727454909,Tropical,Acacia_parramattensis,NA,5.461223697143953e-4,1.209926448303782e-4,3.089811434526077e-4,7.832635959761829e-4
49.52905811623246,Tropical,Acacia_parramattensis,NA,5.324651105407332e-4,1.179733991068728e-4,3.0124149715749285e-4,7.636887239239736e-4
49.73947895791582,Tropical,Acacia_parramattensis,NA,5.191033460559541e-4,1.1502625726527739e-4,2.9365602453957176e-4,7.445506675723365e-4
49.949899799599194,Tropical,Acacia_parramattensis,NA,5.060320039368625e-4,1.1214970215820536e-4,2.86222626829886e-4,7.258413810438389e-4
50.16032064128255,Tropical,Acacia_parramattensis,NA,4.932460628480059e-4,1.0934223765367247e-4,2.789392150577885e-4,7.075529106382233e-4
50.370741482965926,Tropical,Acacia_parramattensis,NA,4.807405529274183e-4,1.0660238876981489e-4,2.7180371027264407e-4,6.896773955821925e-4
50.5811623246493,Tropical,Acacia_parramattensis,NA,4.685105562372555e-4,1.039287017933437e-4,2.648140437622985e-4,6.722070687122124e-4
50.79158316633266,Tropical,Acacia_parramattensis,NA,4.56551207179933e-4,1.0131974438201772e-4,2.5796815726837385e-4,6.551342570914921e-4
51.00200400801603,Tropical,Acacia_parramattensis,NA,4.44857692880458e-4,9.877410565143351e-5,2.5126400319849416e-4,6.384513825624218e-4
51.21242484969939,Tropical,Acacia_parramattensis,NA,4.3342525353560796e-4,9.629039624642307e-5,2.4469954483552795e-4,6.22150962235688e-4
51.42284569138276,Tropical,Acacia_parramattensis,NA,4.222491827306189e-4,9.386724839735328e-5,2.382727565439314e-4,6.062256089173064e-4
51.63326653306612,Tropical,Acacia_parramattensis,NA,4.1132482772406466e-4,9.150331596162567e-5,2.3198162397328932e-4,5.9066803147484e-4
51.84368737474949,Tropical,Acacia_parramattensis,NA,4.0064758970158944e-4,8.91972744506713e-5,2.25824144259139e-4,5.7547103514404e-4
52.054108216432866,Tropical,Acacia_parramattensis,NA,3.902129239991822e-4,8.69478210427431e-5,2.197983262211719e-4,5.606275217771925e-4
52.264529058116224,Tropical,Acacia_parramattensis,NA,3.8001634029665473e-4,8.475367458180337e-5,2.1390219055889234e-4,5.461304900344172e-4
52.4749498997996,Tropical,Acacia_parramattensis,NA,3.700534027820106e-4,8.261357556281138e-5,2.0813377004482204e-4,5.319730355191992e-4
52.685370741482956,Tropical,Acacia_parramattensis,NA,3.603197302873835e-4,8.052628610371508e-5,2.0249110971533375e-4,5.181483508594333e-4
52.89579158316633,Tropical,Acacia_parramattensis,NA,3.508109963972129e-4,7.84905899044524e-5,1.9697226705918307e-4,5.046497257352428e-4
53.10621242484969,Tropical,Acacia_parramattensis,NA,3.415229295293488e-4,7.650529219327356e-5,1.915753122038193e-4,4.914705468548784e-4
53.31663326653306,Tropical,Acacia_parramattensis,NA,3.3245131298974354e-4,7.456921966069172e-5,1.862983280995317e-4,4.786042978799554e-4
53.52705410821643,Tropical,Acacia_parramattensis,NA,3.2359198500142474e-4,7.268122038138017e-5,1.811394107015011e-4,4.660445593013484e-4
53.73747494989979,Tropical,Acacia_parramattensis,NA,3.1494083870840393e-4,7.084016372432822e-5,1.7609666914979982e-4,4.53785008267008e-4
53.947895791583164,Tropical,Acacia_parramattensis,NA,3.064938221552036e-4,6.904494025157762e-5,1.7116822594739157e-4,4.418194183630156e-4
54.15831663326652,Tropical,Acacia_parramattensis,NA,2.9824693824266076e-4,6.729446160585979e-5,1.6635221713616217e-4,4.3014165934915935e-4
54.368737474949896,Tropical,Acacia_parramattensis,NA,2.901962446606783e-4,6.55876603874595e-5,1.6164679247101336e-4,4.1874569685034326e-4
54.579158316633254,Tropical,Acacia_parramattensis,NA,2.8233785379857965e-4,6.392349002063298e-5,1.570501155920335e-4,4.076255920051258e-4
54.78957915831663,Tropical,Acacia_parramattensis,NA,2.746679326337187e-4,6.230092460990952e-5,1.5256036419475095e-4,3.9677550107268647e-4
55,Tropical,Acacia_parramattensis,NA,2.671827025990129e-4,6.071895878661484e-5,1.48175730198476e-4,3.8618967499954985e-4
-50,Temperate,Acacia_parramattensis,NA,0.004410638989205554,9.381757024526051e-4,0.0025718484012278824,0.006249429577183226
-49.789579158316634,Temperate,Acacia_parramattensis,NA,0.00448316766812792,9.412072870807599e-4,0.0026384352834629794,0.00632790005279286
-49.57915831663327,Temperate,Acacia_parramattensis,NA,0.004556482598663646,9.440634168562535e-4,0.002706152302503566,0.006406812894823727
-49.3687374749499,Temperate,Acacia_parramattensis,NA,0.004630583455078534,9.467411787061398e-4,0.002775004842133501,0.006486162068023566
-49.15831663326653,Temperate,Acacia_parramattensis,NA,0.0047054696953845185,9.492377505802042e-4,0.002844997891481504,0.006565941499287534
-48.947895791583164,Temperate,Acacia_parramattensis,NA,0.004781140558099916,9.51550408236151e-4,0.0029161360284826747,0.006646145087717157
-48.7374749498998,Temperate,Acacia_parramattensis,NA,0.004857595059058541,9.536765323203667e-4,0.0029884234028095744,0.006726766715307508
-48.52705410821643,Temperate,Acacia_parramattensis,NA,0.004934831988270195,9.556136157606839e-4,0.003061863718243157,0.006807800258297232
-48.31663326653307,Temperate,Acacia_parramattensis,NA,0.005012849906835144,9.573592714887184e-4,0.0031364602144517526,0.006889239599218536
-48.1062124248497,Temperate,Acacia_parramattensis,NA,0.005091647143914967,9.589112405105726e-4,0.0032122156481436195,0.006971078639686315
-47.895791583166336,Temperate,Acacia_parramattensis,NA,0.005171221793762417,9.602674003460104e-4,0.003289132273556332,0.007053311313968502
-47.68537074148296,Temperate,Acacia_parramattensis,NA,0.0052515717128127195,9.614257738575782e-4,0.003367211822243316,0.007135931603382123
-47.4749498997996,Temperate,Acacia_parramattensis,NA,0.005332694516838888,9.623845384926035e-4,0.0034464554821151848,0.007218933551562592
-47.26452905811623,Temperate,Acacia_parramattensis,NA,0.005414587578173524,9.631420359625048e-4,0.0035268638756904332,0.007302311280656615
-47.054108216432866,Temperate,Acacia_parramattensis,NA,0.005497248022999641,9.636967823854791e-4,0.0036084370375069684,0.007386059008492313
-46.8436873747495,Temperate,Acacia_parramattensis,NA,0.0055806727287129486,9.64047478920242e-4,0.003691174390642638,0.007470171066783259
-46.633266533066134,Temperate,Acacia_parramattensis,NA,0.005664858321358139,9.641930229202628e-4,0.003775074722289621,0.007554641920426657
-46.42284569138277,Temperate,Acacia_parramattensis,NA,0.005749801173141601,9.641325196396705e-4,0.0038601361583239903,0.007639466187959211
-46.2124248496994,Temperate,Acacia_parramattensis,NA,0.005835497400023028,9.638652945238341e-4,0.003946356136808222,0.007724638663237834
-46.00200400801603,Temperate,Acacia_parramattensis,NA,0.005921942859388325,9.63390906119443e-4,0.004033731380360808,0.007810154338415841
-45.791583166332664,Temperate,Acacia_parramattensis,NA,0.006009133147806256,9.627091596407407e-4,0.0041222578673235834,0.007896008428288928
-45.5811623246493,Temperate,Acacia_parramattensis,NA,0.006097063598871293,9.618201212303846e-4,0.004211930801653791,0.007982196396088794
-45.37074148296593,Temperate,Acacia_parramattensis,NA,0.006185729281134808,9.607241329551e-4,0.004302744581464343,0.008068713980805274
-45.16032064128257,Temperate,Acacia_parramattensis,NA,0.006275124996127229,9.59421828577994e-4,0.0043946927661328,0.008155557226121659
-44.9498997995992,Temperate,Acacia_parramattensis,NA,0.006365245276473269,9.579141501508352e-4,0.0044877680418963384,0.0082427225110502
-44.739478957915836,Temperate,Acacia_parramattensis,NA,0.006456084384102586,9.562023654708666e-4,0.004581962185847681,0.00833020658235749
-44.52905811623246,Temperate,Acacia_parramattensis,NA,0.006547636308558117,9.542880864477052e-4,0.00467726602824497,0.008418006588871265
-44.3186372745491,Temperate,Acacia_parramattensis,NA,0.006639894765404293,9.521732884264346e-4,0.004773669413047413,0.008506120117761173
-44.10821643286573,Temperate,Acacia_parramattensis,NA,0.00673285319473732,9.498603305130607e-4,0.004871161156588409,0.00859454523288623
-43.897795591182366,Temperate,Acacia_parramattensis,NA,0.006826504759799637,9.473519769479372e-4,0.004969729004298861,0.008683280515300413
-43.687374749499,Temperate,Acacia_parramattensis,NA,0.0069208423457006694,9.446514195713817e-4,0.005069359585396126,0.008772325106005213
-43.476953907815634,Temperate,Acacia_parramattensis,NA,0.007015858558245936,9.417623014233615e-4,0.005170038365458594,0.008861678751033279
-43.26653306613227,Temperate,Acacia_parramattensis,NA,0.007111545722876452,9.386887415155108e-4,0.005271749596812822,0.008951341848940081
-43.056112224448896,Temperate,Acacia_parramattensis,NA,0.007207895883720541,9.354353608087786e-4,0.005374476266670105,0.009041315500770978
-42.84569138276553,Temperate,Acacia_parramattensis,NA,0.0073049008027597315,9.320073094230984e-4,0.005478200042962381,0.009131601562557082
-42.635270541082164,Temperate,Acacia_parramattensis,NA,0.007402551959110838,9.284102950966387e-4,0.005582901217845223,0.009222202700376454
-42.4248496993988,Temperate,Acacia_parramattensis,NA,0.0075008405484258715,9.246506129007006e-4,0.0056885586488576115,0.009313122447994131
-42.21442885771543,Temperate,Acacia_parramattensis,NA,0.0075997574824115755,9.207351762019711e-4,0.005795149697756572,0.009404365267066579
-42.00400801603207,Temperate,Acacia_parramattensis,NA,0.007699293388470279,9.166715488459612e-4,0.005902650167079646,0.009495936609860912
-41.7935871743487,Temperate,Acacia_parramattensis,NA,0.007799438609463737,9.124679785136204e-4,0.006011034234530973,0.009587842984396501
-41.58316633266533,Temperate,Acacia_parramattensis,NA,0.007900183203601483,9.081334311765661e-4,0.006120274385338629,0.009680092021864336
-41.37274549098196,Temperate,Acacia_parramattensis,NA,0.008001516944455136,9.036776265445737e-4,0.0062303413427931345,0.009772692546117137
-41.1623246492986,Temperate,Acacia_parramattensis,NA,0.008103429321100319,8.991110743611437e-4,0.006341203997251363,0.009865654644949274
-40.95190380761523,Temperate,Acacia_parramattensis,NA,0.008205909538387377,8.944451113584094e-4,0.006452829333976977,0.009958989742797778
-40.741482965931866,Temperate,Acacia_parramattensis,NA,0.00830894651734216,8.896919386305579e-4,0.006565182360290646,0.010052710674393672
-40.5310621242485,Temperate,Acacia_parramattensis,NA,0.008412528895698386,8.848646591248272e-4,0.006678226032621413,0.010146831758775359
-40.320641282565134,Temperate,Acacia_parramattensis,NA,0.00851664502856245,8.799773148800363e-4,0.006791921184185317,0.010241368872939584
-40.11022044088176,Temperate,Acacia_parramattensis,NA,0.008621282989211936,8.75044923564393e-4,0.006906226454171121,0.01033633952425275
-39.899799599198396,Temperate,Acacia_parramattensis,NA,0.008726430570028818,8.700835137764904e-4,0.007021098219484837,0.0104317629205728
-39.68937875751503,Temperate,Acacia_parramattensis,NA,0.008832075283568316,8.65110158476057e-4,0.007136490530295506,0.010527660036841127
-39.478957915831664,Temperate,Acacia_parramattensis,NA,0.008938204363764234,8.601430058047154e-4,0.007252355050832966,0.010624053676695503
-39.2685370741483,Temperate,Acacia_parramattensis,NA,0.009044804767271585,8.552013064426444e-4,0.0073686410071124005,0.01072096852743077
-39.05811623246493,Temperate,Acacia_parramattensis,NA,0.00915186317494721,8.503054365265435e-4,0.007485295143496575,0.010818431206397843
-38.84769539078157,Temperate,Acacia_parramattensis,NA,0.009259365993469037,8.454769150302153e-4,0.0076022616902497835,0.01091647029668829
-38.637274549098194,Temperate,Acacia_parramattensis,NA,0.009367299357094573,8.407384143852577e-4,0.007719482344480157,0.01101511636970899
-38.42685370741483,Temperate,Acacia_parramattensis,NA,0.0094756491295589,8.361137630007437e-4,0.007836896267099184,0.011114401992018614
-38.21643286573146,Temperate,Acacia_parramattensis,NA,0.009584400906112806,8.316279382338282e-4,0.007954440098637203,0.01121436171358841
-38.0060120240481,Temperate,Acacia_parramattensis,NA,0.009693540015701206,8.273070482758075e-4,0.008072047996924485,0.011315032034477928
-37.79559118236473,Temperate,Acacia_parramattensis,NA,0.009803051523282013,8.231783013597222e-4,0.0081896516997621,0.011416451346801927
-37.585170340681366,Temperate,Acacia_parramattensis,NA,0.009912920232285696,8.192699606769375e-4,0.008307180615743353,0.01151865984882804
-37.374749498998,Temperate,Acacia_parramattensis,NA,0.010023130687215566,8.156112834231338e-4,0.008424561946321733,0.011621699428109398
-37.16432865731463,Temperate,Acacia_parramattensis,NA,0.01013366717638851,8.122324424912668e-4,0.008541720842030627,0.011725613510746394
-36.95390781563126,Temperate,Acacia_parramattensis,NA,0.010244513734816342,8.091644295027496e-4,0.008658580595420053,0.01183044687421263
-36.743486973947896,Temperate,Acacia_parramattensis,NA,0.010355654147227358,8.064389381293623e-4,0.008775062872763082,0.011936245421691633
-36.53306613226453,Temperate,Acacia_parramattensis,NA,0.010467071951227709,8.040882270160414e-4,0.008891087985883601,0.012043055916571817
-36.322645290581164,Temperate,Acacia_parramattensis,NA,0.010578750440602367,8.021449620733582e-4,0.009006575204558337,0.012150925676646397
-36.1122244488978,Temperate,Acacia_parramattensis,NA,0.010690672668755046,8.006420384673331e-4,0.009121443108850342,0.01225990222865975
-35.90180360721443,Temperate,Acacia_parramattensis,NA,0.010802821452286436,7.996123832851842e-4,0.009235609979455238,0.012370032925117635
-35.69138276553106,Temperate,Acacia_parramattensis,NA,0.010915179374710288,7.990887405821848e-4,0.009348994222717736,0.01248136452670284
-35.480961923847694,Temperate,Acacia_parramattensis,NA,0.01102772879030623,7.991034412911541e-4,0.009461514825453552,0.01259394275515891
-35.27054108216433,Temperate,Acacia_parramattensis,NA,0.011140451828108794,7.996881612672338e-4,0.009573091833161958,0.01270781182305563
-35.06012024048096,Temperate,Acacia_parramattensis,NA,0.011253330396031446,8.008736715030521e-4,0.009683646843719102,0.01282301394834379
-34.8496993987976,Temperate,Acacia_parramattensis,NA,0.011366346185124646,8.026895852338301e-4,0.009793103507300945,0.012939588862948347
-34.63927855711423,Temperate,Acacia_parramattensis,NA,0.011479480673966806,8.051641072063791e-4,0.009901388022197956,0.013057573325735657
-34.428857715430865,Temperate,Acacia_parramattensis,NA,0.011592715133186948,8.083237907600098e-4,0.010008429615450438,0.013177000650923457
-34.21843687374749,Temperate,Acacia_parramattensis,NA,0.0117060306301176,8.121933085178295e-4,0.010114160996938225,0.013297900263296974
-34.00801603206413,Temperate,Acacia_parramattensis,NA,0.011819408033576704,8.1679524238246e-4,0.010218518775763418,0.01342029729138999
-33.79759519038076,Temperate,Acacia_parramattensis,NA,0.01193282801877685,8.221498981560749e-4,0.01032144382849767,0.01354421220905603
-33.587174348697395,Temperate,Acacia_parramattensis,NA,0.012046271072360407,8.282751494658945e-4,0.010422881610117724,0.01366966053460309
-33.37675350701403,Temperate,Acacia_parramattensis,NA,0.012159717497558733,8.351863147986201e-4,0.010522782400172705,0.01379665259494476
-33.166332665330664,Temperate,Acacia_parramattensis,NA,0.012273147419473777,8.428960703763795e-4,0.010621101478825735,0.013925193360121818
-32.9559118236473,Temperate,Acacia_parramattensis,NA,0.012386540790480243,8.514144004042204e-4,0.010717799229769207,0.01405528235119128
-32.745490981963925,Temperate,Acacia_parramattensis,NA,0.012499877395746314,8.607485849574923e-4,0.010812841169485814,0.014186913622006813
-32.53507014028057,Temperate,Acacia_parramattensis,NA,0.012613136858870846,8.709032245328768e-4,0.010906197904766608,0.014320075812975085
-32.324649298597194,Temperate,Acacia_parramattensis,NA,0.01272629864763522,8.818802991323758e-4,0.010997845022660355,0.014454752272610085
-32.11422845691383,Temperate,Acacia_parramattensis,NA,0.012839342079867247,8.93679258748292e-4,0.011087762918990142,0.014590921240744351
-31.903807615230463,Temperate,Acacia_parramattensis,NA,0.012952246329415275,9.062971413173776e-4,0.011175936573141608,0.014728556085688942
-31.693386773547097,Temperate,Acacia_parramattensis,NA,0.013064990432229747,9.197287136434848e-4,0.011262355277941165,0.01486762558651833
-31.482965931863728,Temperate,Acacia_parramattensis,NA,0.013177553292550164,9.33966630461164e-4,0.011347012334084054,0.015008094251016275
-31.272545090180362,Temperate,Acacia_parramattensis,NA,0.013289913689194655,9.490016067201107e-4,0.011429904718752593,0.015149922659636716
-31.062124248496996,Temperate,Acacia_parramattensis,NA,0.013402050281949773,9.648225982899334e-4,0.011511032737831148,0.015293067826068398
-30.851703406813627,Temperate,Acacia_parramattensis,NA,0.013513941618057697,9.814169865825372e-4,0.011590399670540095,0.015437483565575299
-30.64128256513026,Temperate,Acacia_parramattensis,NA,0.013625566138798314,9.987707630253141e-4,0.01166801141445711,0.015583120863139517
-30.430861723446895,Temperate,Acacia_parramattensis,NA,0.013736902186163176,0.0010168687098493737,0.011743876137852693,0.015729928234473656
-30.22044088176353,Temperate,Acacia_parramattensis,NA,0.013847928009618584,0.001035694574241971,0.011818003945120777,0.01587785207411639
-30.01002004008016,Temperate,Acacia_parramattensis,NA,0.013958621772954923,0.001055231233513768,0.011890406559906162,0.016026836986003684
-29.799599198396795,Temperate,Acacia_parramattensis,NA,0.014068961561219114,0.0010754608495185344,0.011961097029379936,0.016176826093058292
-29.58917835671343,Temperate,Acacia_parramattensis,NA,0.014178925387727137,0.001096365011111283,0.012030089452039167,0.016327761323415107
-29.37875751503006,Temperate,Acacia_parramattensis,NA,0.014288491201153676,0.0011179248639236977,0.012097398730441388,0.016479583671865965
-29.168336673346694,Temperate,Acacia_parramattensis,NA,0.0143976368926955,0.0011401212271627587,0.012163040349446883,0.016632233435944114
-28.95791583166333,Temperate,Acacia_parramattensis,NA,0.01450634030330542,0.0011629346974953117,0.012227030179842627,0.016785650426768214
-28.747494989979963,Temperate,Acacia_parramattensis,NA,0.01461457923099353,0.001186345740367967,0.01228938430665981,0.016939774155327252
-28.537074148296593,Temperate,Acacia_parramattensis,NA,0.01472233143819243,0.001210334769331968,0.01235011888106518,0.01709454399531968
-28.326653306613228,Temperate,Acacia_parramattensis,NA,0.014829574659182916,0.0012348822141023798,0.012409249994393173,0.01724989932397266
-28.116232464929862,Temperate,Acacia_parramattensis,NA,0.0149362866075768,0.0012599685781876989,0.012466793572676771,0.01740577964247683
-27.905811623246493,Temperate,Acacia_parramattensis,NA,0.015042444983853225,0.001285574486987716,0.012522765289913746,0.017562124677792702
-27.695390781563127,Temperate,Acacia_parramattensis,NA,0.015148027482945171,0.0013116807272822912,0.012577180498256577,0.017718874467633768
-27.48496993987976,Temperate,Acacia_parramattensis,NA,0.015253011801872314,0.0013382682790291812,0.012630054173322719,0.01787596943042191
-27.274549098196395,Temperate,Acacia_parramattensis,NA,0.015357375647416759,0.0013653183403622468,0.012681400872874756,0.01803335042195876
-27.064128256513026,Temperate,Acacia_parramattensis,NA,0.015461096743837919,0.0013928123466381886,0.012731234707204352,0.018190958780471486
-26.85370741482966,Temperate,Acacia_parramattensis,NA,0.015564152840622887,0.001420731984325688,0.012779569319660414,0.01834873636158536
-26.643286573146295,Temperate,Acacia_parramattensis,NA,0.015666521720268573,0.0014490592004696825,0.01282641787588159,0.018506625564655557
-26.432865731462925,Temperate,Acacia_parramattensis,NA,0.015768181206091837,0.0014777762083988556,0.012871793060419924,0.01866456935176375
-26.22244488977956,Temperate,Acacia_parramattensis,NA,0.01586910917006369,0.0015068654902789629,0.012915707079570633,0.01882251126055675
-26.012024048096194,Temperate,Acacia_parramattensis,NA,0.015969283540664087,0.0015363097970504406,0.012958171669349185,0.01898039541197899
-25.80160320641283,Temperate,Acacia_parramattensis,NA,0.016068682310753035,0.0015660921462269575,0.012999198107677162,0.019138166513828908
-25.59118236472946,Temperate,Acacia_parramattensis,NA,0.01616728354545456,0.0015961958179736804,0.013038797229952697,0.019295769860956425
-25.380761523046093,Temperate,Acacia_parramattensis,NA,0.016265065390049415,0.00162660434983005,0.013076979447286327,0.0194531513328125
-25.170340681362728,Temperate,Acacia_parramattensis,NA,0.01636200607787255,0.0016573015303926147,0.013113754766779912,0.01961025738896519
-24.959919839679362,Temperate,Acacia_parramattensis,NA,0.016458083938211833,0.0016882713922288179,0.013149132813314056,0.01976703506310961
-24.749498997995993,Temperate,Acacia_parramattensis,NA,0.01655327740420366,0.0017194982042524436,0.013183122852387572,0.019923431956019744
-24.539078156312627,Temperate,Acacia_parramattensis,NA,0.01664756502072175,0.0017509664637558188,0.013215733813622888,0.020079396227820612
-24.32865731462926,Temperate,Acacia_parramattensis,NA,0.016740925452255202,0.0017826608882622818,0.013246974314612948,0.020234876589897456
-24.118236472945892,Temperate,Acacia_parramattensis,NA,0.016833337490771757,0.0018145664073347435,0.013276852684839423,0.02038982229670409
-23.907815631262526,Temperate,Acacia_parramattensis,NA,0.0169247800635624,0.0018466681544520472,0.013305376989439337,0.02054418313768546
-23.69739478957916,Temperate,Acacia_parramattensis,NA,0.01701523224106344,0.001878951459043919,0.013332555052638376,0.020697909429488508
-23.486973947895795,Temperate,Acacia_parramattensis,NA,0.017104673244651928,0.0019114018387571762,0.013358394480704227,0.020850952008599627
-23.276553106212425,Temperate,Acacia_parramattensis,NA,0.017193082454410657,0.0019440049920104844,0.013382902684304032,0.02100326222451728
-23.06613226452906,Temperate,Acacia_parramattensis,NA,0.017280439416858813,0.0019767467908817105,0.013406086900175532,0.021154791933542094
-22.855711422845694,Temperate,Acacia_parramattensis,NA,0.017366723852644216,0.0020096132743607103,0.013427954212043614,0.021305493493244818
-22.645290581162325,Temperate,Acacia_parramattensis,NA,0.017451915664193535,0.0020425906419910132,0.013448511570732603,0.021455319757654467
-22.43486973947896,Temperate,Acacia_parramattensis,NA,0.017535994943316174,0.0020756652479158597,0.013467765813439687,0.021604224073192662
-22.224448897795593,Temperate,Acacia_parramattensis,NA,0.017618941978758487,0.002108823595337593,0.013485723682148537,0.021752160275368436
-22.014028056112227,Temperate,Acacia_parramattensis,NA,0.017700737263703987,0.0021420523313938193,0.013502391841172044,0.02189908268623593
-21.803607214428858,Temperate,Acacia_parramattensis,NA,0.017781361503216145,0.002175338242449391,0.01351777689382268,0.022044946112609612
-21.593186372745492,Temperate,Acacia_parramattensis,NA,0.01786079562161956,0.002208668249799569,0.013531885398215291,0.02218970584502383
-21.382765531062127,Temperate,Acacia_parramattensis,NA,0.017939020769816256,0.002242029405776892,0.01354472388221381,0.0223333176574187
-21.172344689378757,Temperate,Acacia_parramattensis,NA,0.01801601833253282,0.0022754088902518428,0.013556298857536956,0.022475737807528682
-20.96192384769539,Temperate,Acacia_parramattensis,NA,0.018091769935495047,0.00230879400751574,0.013566616833042298,0.022616923037947795
-20.751503006012026,Temperate,Acacia_parramattensis,NA,0.01816625745252634,0.0023421721835328634,0.013575684327210392,0.02275683057784229
-20.54108216432866,Temperate,Acacia_parramattensis,NA,0.018239463012566112,0.00237553096354777,0.013583507879852751,0.022895418145279473
-20.33066132264529,Temperate,Acacia_parramattensis,NA,0.018311369006604763,0.002408858010033164,0.01359009406306894,0.023032643950140586
-20.120240480961925,Temperate,Acacia_parramattensis,NA,0.018381958094531504,0.002442141100963094,0.013595449491478846,0.023168466697584163
-19.90981963927856,Temperate,Acacia_parramattensis,NA,0.01845121321189167,0.0024753681283961426,0.01359958083175691,0.023302845592026427
-19.699398797595194,Temperate,Acacia_parramattensis,NA,0.018519117576549983,0.0025085270973530904,0.013602494811495124,0.02343574034160484
-19.488977955911825,Temperate,Acacia_parramattensis,NA,0.018585654695256262,0.002541606124973579,0.013604198227421642,0.023567111163090883
-19.27855711422846,Temperate,Acacia_parramattensis,NA,0.018650808370110468,0.002574593439936597,0.013604697953001652,0.023696918787219284
-19.068136272545093,Temperate,Acacia_parramattensis,NA,0.01871456270492331,0.002607477382129644,0.013604000945446428,0.023825124464400195
-18.857715430861724,Temperate,Acacia_parramattensis,NA,0.018776902111469637,0.002640246402551959,0.013602114252156357,0.023951689970782918
-18.647294589178358,Temperate,Acacia_parramattensis,NA,0.018837811315631104,0.002672889063437415,0.013599045016622777,0.02407657761463943
-18.436873747494992,Temperate,Acacia_parramattensis,NA,0.018897275363424972,0.0027053940385831417,0.01359480048381265,0.024199750243037294
-18.226452905811627,Temperate,Acacia_parramattensis,NA,0.018955279626916035,0.0027377501138703773,0.013589388005059665,0.024321171248772405
-18.016032064128257,Temperate,Acacia_parramattensis,NA,0.019011809810008586,0.002769946187964481,0.01358281504248419,0.024440804577532983
-17.805611222444888,Temperate,Acacia_parramattensis,NA,0.01906685195411537,0.0028019712731814877,0.013575089172963814,0.024558614735266923
-17.595190380761522,Temperate,Acacia_parramattensis,NA,0.019120392443700708,0.0028338144965090696,0.013566218091675426,0.02467456679572599
-17.384769539078157,Temperate,Acacia_parramattensis,NA,0.01917241801169488,0.002865465100770251,0.013556209615228753,0.02478862640816101
-17.17434869739479,Temperate,Acacia_parramattensis,NA,0.019222915744777087,0.002896912445918625,0.013545071684410746,0.02490075980514343
-16.963927855711425,Temperate,Acacia_parramattensis,NA,0.01927187308852396,0.00292814601045431,0.01353281236655887,0.02501093381048905
-16.75350701402806,Temperate,Acacia_parramattensis,NA,0.019319277852421334,0.002959155392950342,0.013519439857581195,0.025119115847261474
-16.543086172344694,Temperate,Acacia_parramattensis,NA,0.019365118214736604,0.0029899303136795966,0.01350496248364005,0.025225273945833158
-16.332665330661328,Temperate,Acacia_parramattensis,NA,0.0194093827272489,0.003020460616332774,0.01348938870251501,0.02532937675198279
-16.122244488977955,Temperate,Acacia_parramattensis,NA,0.019452060319834954,0.0030507362698183505,0.01347272710466092,0.02543139353500899
-15.91182364729459,Temperate,Acacia_parramattensis,NA,0.01949314030490815,0.0030807473701358746,0.01345498641397535,0.02553129419584095
-15.701402805611224,Temperate,Acacia_parramattensis,NA,0.019532612381708607,0.0031104841423142695,0.013436175488289681,0.025629049275127533
-15.490981963927858,Temperate,Acacia_parramattensis,NA,0.019570466640441684,0.003139936942407185,0.013416303319596784,0.025724629961286584
-15.280561122244492,Temperate,Acacia_parramattensis,NA,0.019606693566263392,0.0031690962595378627,0.013395379034028583,0.0258180080984982
-15.070140280561127,Temperate,Acacia_parramattensis,NA,0.01964128404311017,0.003197952717986229,0.013373411891595187,0.025909156194625152
-14.859719438877761,Temperate,Acacia_parramattensis,NA,0.019674229357371106,0.003226497079311241,0.013350411285697401,0.02599804742904481
-14.649298597194388,Temperate,Acacia_parramattensis,NA,0.01970552120140105,0.0032547202445019356,0.013326386742423858,0.02608465566037824
-14.438877755511022,Temperate,Acacia_parramattensis,NA,0.019735151676872408,0.003282613256150765,0.013301347919643155,0.02616895543410166
-14.228456913827657,Temperate,Acacia_parramattensis,NA,0.019763113297964093,0.0033101673006431975,0.013275304605901258,0.02625092199002693
-14.018036072144291,Temperate,Acacia_parramattensis,NA,0.01978939899438592,0.0033373737103577755,0.013248266719133872,0.02633053126963797
-13.807615230460925,Temperate,Acacia_parramattensis,NA,0.019814002114237,0.0033642239658711044,0.01322024430520313,0.02640775992327087
-13.59719438877756,Temperate,Acacia_parramattensis,NA,0.01983691642669652,0.003390709698162467,0.01319124753626741,0.026482585317125634
-13.386773547094194,Temperate,Acacia_parramattensis,NA,0.01985813612454554,0.003416822690812996,0.013161286708992831,0.026554985540098247
-13.176352705410821,Temperate,Acacia_parramattensis,NA,0.019877655826518608,0.0034425548821945978,0.01313037224261467,0.026624939410422547
-12.965931863727455,Temperate,Acacia_parramattensis,NA,0.019895470579483945,0.003467898367643976,0.01309851467685651,0.02669242648211138
-12.75551102204409,Temperate,Acacia_parramattensis,NA,0.019911575860450947,0.0034928454016173375,0.013065724669714627,0.02675742705118727
-12.545090180360724,Temperate,Acacia_parramattensis,NA,0.019925967578404157,0.003517388399821575,0.0130320129951149,0.026819922161693415
-12.334669338677358,Temperate,Acacia_parramattensis,NA,0.019938642075962697,0.0035415199413178877,0.012997390540449233,0.026879893611476163
-12.124248496993992,Temperate,Acacia_parramattensis,NA,0.019949596130864198,0.0035652327705939656,0.012961868303998075,0.02693732395773032
-11.913827655310627,Temperate,Acacia_parramattensis,NA,0.01995882695727266,0.0035885197996010833,0.012925457392245645,0.026992196522299672
-11.703406813627254,Temperate,Acacia_parramattensis,NA,0.01996633220690936,0.0036113741097525695,0.012888169017093925,0.027044495396724797
-11.492985971943888,Temperate,Acacia_parramattensis,NA,0.019972109970006438,0.0036337889538803174,0.012850014492981537,0.02709420544703134
-11.282565130260522,Temperate,Acacia_parramattensis,NA,0.01997615877608245,0.003655757758146099,0.012811005233913207,0.02714131231825169
-11.072144288577157,Temperate,Acacia_parramattensis,NA,0.019978477594539648,0.0036772741239046764,0.012771152750405404,0.02718580243867389
-10.86172344689379,Temperate,Acacia_parramattensis,NA,0.019979065835082733,0.0036983318295157708,0.012730468646353696,0.02722766302381177
-10.651302605210425,Temperate,Acacia_parramattensis,NA,0.019977923347958528,0.003718924832102116,0.012688964615826715,0.027266882080090343
-10.44088176352706,Temperate,Acacia_parramattensis,NA,0.01997505042401685,0.003739047269250966,0.01264665243979212,0.02730344840824158
-10.230460921843687,Temperate,Acacia_parramattensis,NA,0.019970447794592467,0.0037586934606565806,0.012603543982779353,0.02733735160640558
-10.02004008016032,Temperate,Acacia_parramattensis,NA,0.01996411663120782,0.0037778579097012153,0.012559651189483666,0.027368582072931972
-9.809619238476955,Temperate,Acacia_parramattensis,NA,0.01995605854509726,0.0037965353049724676,0.012514986081316435,0.027397131008878087
-9.59919839679359,Temperate,Acacia_parramattensis,NA,0.019946275586552598,0.003814720521714732,0.01246956075290588,0.027422990420199314
-9.388777555110224,Temperate,Acacia_parramattensis,NA,0.019934770244090433,0.0038324086232128,0.012423387368552613,0.027446153119628253
-9.178356713426858,Temperate,Acacia_parramattensis,NA,0.01992154544344177,0.003849594862105648,0.012376478158644268,0.027466612728239276
-8.967935871743492,Temperate,Acacia_parramattensis,NA,0.01990660454636438,0.0038662746816286266,0.01232884541603321,0.027484363676695548
-8.75751503006012,Temperate,Acacia_parramattensis,NA,0.019889951349278435,0.003882443716782307,0.012280501492381291,0.02749940120617558
-8.547094188376754,Temperate,Acacia_parramattensis,NA,0.01987159008172634,0.00389809779542643,0.012231458794475555,0.027511721368977123
-8.336673346693388,Temperate,Acacia_parramattensis,NA,0.019851525404657257,0.003913232939297404,0.012181729780518532,0.02752132102879598
-8.126252505010022,Temperate,Acacia_parramattensis,NA,0.01982976240853754,0.0039278453649479825,0.012131326956396913,0.027528197860678172
-7.9158316633266566,Temperate,Acacia_parramattensis,NA,0.019806306611287672,0.003941931484607766,0.012080262871931945,0.0275323503506434
-7.705410821643291,Temperate,Acacia_parramattensis,NA,0.019781163956047162,0.003955487906963371,0.012028550117115237,0.02753377779497909
-7.494989979959925,Temperate,Acacia_parramattensis,NA,0.0197543408087683,0.003968511437857096,0.01197620131833313,0.027532480299203473
-7.284569138276552,Temperate,Acacia_parramattensis,NA,0.01972584395564008,0.003980999080903051,0.011923229134583047,0.027528458776697115
-7.074148296593187,Temperate,Acacia_parramattensis,NA,0.019695680600343487,0.003992948038019788,0.011869646253684833,0.02752171494700214
-6.863727454909821,Temperate,Acacia_parramattensis,NA,0.01966385836113993,0.004004355709878656,0.011815465388490444,0.027512251333789414
-6.653306613226455,Temperate,Acacia_parramattensis,NA,0.019630385267793923,0.004015219696266981,0.011760699273094786,0.02750007126249306
-6.442885771543089,Temperate,Acacia_parramattensis,NA,0.01959526975833174,0.0040255377963654485,0.011705360659050729,0.02748517885761275
-6.232464929859724,Temperate,Acacia_parramattensis,NA,0.019558520675637847,0.004035308008939079,0.01164946231159122,0.027467579039684477
-6.022044088176358,Temperate,Acacia_parramattensis,NA,0.019520147263890602,0.004044528532441233,0.011593017005861147,0.027447277521920055
-5.811623246492985,Temperate,Acacia_parramattensis,NA,0.01948015916483934,0.004053197765030215,0.01153603752316188,0.0274242808065168
-5.601202404809619,Temperate,Acacia_parramattensis,NA,0.01943856641392459,0.0040613143044981115,0.011478536647210954,0.027398596180638224
-5.390781563126254,Temperate,Acacia_parramattensis,NA,0.0193953794362434,0.004068876948111527,0.01142052716041956,0.02737023171206724
-5.180360721442888,Temperate,Acacia_parramattensis,NA,0.01935060904236202,0.004075884692364044,0.011362021840190379,0.027339196244533664
-4.969939879759522,Temperate,Acacia_parramattensis,NA,0.019304266423977832,0.00408233673264021,0.011303033455238103,0.027305499392717564
-4.7595190380761565,Temperate,Acacia_parramattensis,NA,0.01925636314943318,0.004088232462791054,0.011243574761935228,0.02726915153693113
-4.549098196392791,Temperate,Acacia_parramattensis,NA,0.019206911159082903,0.0040935714746210446,0.011183658500685138,0.027230163817480668
-4.338677354709418,Temperate,Acacia_parramattensis,NA,0.01915592276051832,0.004098353557286594,0.011123297392324984,0.02718854812871166
-4.128256513026052,Temperate,Acacia_parramattensis,NA,0.019103410623650095,0.004102578696606307,0.011062504134560457,0.027144317112739732
-3.9178356713426865,Temperate,Acacia_parramattensis,NA,0.019049387775652283,0.004106247074283082,0.011001291398434476,0.02709748415287009
-3.707414829659321,Temperate,Acacia_parramattensis,NA,0.018993867595770503,0.004109359067038429,0.010939671824832065,0.02704806336670894
-3.496993987975955,Temperate,Acacia_parramattensis,NA,0.018936863809996582,0.004111915245659309,0.01087765802102317,0.026996069598969996
-3.2865731462925893,Temperate,Acacia_parramattensis,NA,0.018878390485612646,0.004113916373957909,0.010815262557245532,0.026941518413979758
-3.0761523046092236,Temperate,Acacia_parramattensis,NA,0.01881846202560735,0.0041153634076448575,0.010752497963329402,0.0268844260878853
-2.865731462925851,Temperate,Acacia_parramattensis,NA,0.018757093162967316,0.004116257493116433,0.01068937672536598,0.026824809600568652
-2.655310621242485,Temperate,Acacia_parramattensis,NA,0.018694298954846252,0.004116599966156271,0.010625911282421158,0.026762686627271347
-2.4448897795591193,Temperate,Acacia_parramattensis,NA,0.01863009477661541,0.004116392350552417,0.0105621140232965,0.02669807552993432
-2.2344689378757536,Temperate,Acacia_parramattensis,NA,0.01856449631579792,0.004115636356630298,0.01049799728333889,0.02663099534825695
-2.024048096192388,Temperate,Acacia_parramattensis,NA,0.018497519565890325,0.0041143338797024935,0.010433573341300488,0.02656146579048016
-1.8136272545090222,Temperate,Acacia_parramattensis,NA,0.018429180820074487,0.004112486998436107,0.010368854416250491,0.026489507223898485
-1.6032064128256565,Temperate,Acacia_parramattensis,NA,0.018359496664823245,0.004110097973138755,0.010303852664540212,0.02641514066510628
-1.3927855711422907,Temperate,Acacia_parramattensis,NA,0.01828848397340265,0.00410716924396396,0.010238580176822689,0.026338387769982614
-1.182364729458918,Temperate,Acacia_parramattensis,NA,0.018216159899274706,0.004103703429037171,0.010173048975128333,0.02625927082342108
-0.9719438877755522,Temperate,Acacia_parramattensis,NA,0.01814254186940369,0.004099703322503394,0.01010727100999784,0.02617781272880954
-0.7615230460921865,Temperate,Acacia_parramattensis,NA,0.018067647577469287,0.004095171892497525,0.010041258157673405,0.026094036997265167
-0.5511022044088207,Temperate,Acacia_parramattensis,NA,0.017991494976990707,0.00409011227903875,0.009975022217349718,0.026007967736631697
-0.340681362725455,Temperate,Acacia_parramattensis,NA,0.017914102274364387,0.004084527791850035,0.009908574908485405,0.02591962964024337
-0.1302605210420893,Temperate,Acacia_parramattensis,NA,0.017835487921819704,0.00407842190810419,0.009841927868176368,0.02582904797546304
0.08016032064127643,Temperate,Acacia_parramattensis,NA,0.01775567061029572,0.004071798270097759,0.00977509264859162,0.025736248571999822
0.29058116232464926,Temperate,Acacia_parramattensis,NA,0.01767466926224295,0.004064660682854144,0.009708080714472846,0.025641257810013054
0.501002004008015,Temperate,Acacia_parramattensis,NA,0.017592503024353577,0.0040570131116574384,0.009640903440698222,0.025544102608008934
0.7114228456913807,Temperate,Acacia_parramattensis,NA,0.017509191260224124,0.004048859679518452,0.009573572109911574,0.025444810410536672
0.9218436873747464,Temperate,Acacia_parramattensis,NA,0.01742475354295401,0.004040204664574428,0.009506097910217403,0.025343409175690616
1.1322645290581121,Temperate,Acacia_parramattensis,NA,0.017339209647683998,0.004031052497424101,0.009438491932942522,0.025239927362425474
1.3426853707414779,Temperate,Acacia_parramattensis,NA,0.017252579544078238,0.004021407758399672,0.00937076517046493,0.025134393917691546
1.5531062124248436,Temperate,Acacia_parramattensis,NA,0.01716488338875386,0.004011275174777423,0.009302928514110503,0.02502683826339722
1.7635270541082164,Temperate,Acacia_parramattensis,NA,0.017076141517661604,0.00400065961792858,0.009234992752117817,0.02491729028320539
1.9739478957915821,Temperate,Acacia_parramattensis,NA,0.016986374438421954,0.003989566100412326,0.009166968567671888,0.02480578030917202
2.184368737474948,Temperate,Acacia_parramattensis,NA,0.016895602822619975,0.003977999773012601,0.009098866537006768,0.02469233910823318
2.3947895791583136,Temperate,Acacia_parramattensis,NA,0.01680384749806338,0.003965965921720623,0.009030697127577762,0.024576997868548996
2.6052104208416793,Temperate,Acacia_parramattensis,NA,0.016711129441007316,0.003953469964664938,0.0089624706963032,0.024459788185711432
2.815631262525045,Temperate,Acacia_parramattensis,NA,0.01661746976834994,0.003940517448990901,0.008894197487876124,0.024340742048823753
3.0260521042084108,Temperate,Acacia_parramattensis,NA,0.01652288972980274,0.003927114047691526,0.00882588763314604,0.024219891826459443
3.2364729458917836,Temperate,Acacia_parramattensis,NA,0.016427410700039505,0.003913265556391652,0.008757551147570774,0.024097270252508237
3.4468937875751493,Temperate,Acacia_parramattensis,NA,0.01633105417082796,0.0038989778900874474,0.008689197929738596,0.023972910411917327
3.657314629258515,Temperate,Acacia_parramattensis,NA,0.016233841743147733,0.0038842570798431793,0.008620837759960382,0.023846845726335084
3.8677354709418807,Temperate,Acacia_parramattensis,NA,0.016135795119299034,0.0038691092694474157,0.008552480298932021,0.02371910993966605
4.0781563126252465,Temperate,Acacia_parramattensis,NA,0.016036936095005557,0.0038535407120306193,0.008484135086466709,0.023589737103544405
4.288577154308612,Temperate,Acacia_parramattensis,NA,0.01593728655151583,0.0038375577666462874,0.008415811540297146,0.023458761562734517
4.498997995991978,Temperate,Acacia_parramattensis,NA,0.01583686844770678,0.0038211668948177372,0.008347518954947262,0.023326217940466295
4.709418837675351,Temperate,Acacia_parramattensis,NA,0.01573570381219333,0.0038043746570526173,0.008279266500673283,0.02319214112371338
4.9198396793587165,Temperate,Acacia_parramattensis,NA,0.01563381473544831,0.0037871877093274037,0.008211063222473853,0.023056566248422766
5.130260521042082,Temperate,Acacia_parramattensis,NA,0.01553122336193596,0.003769612799543925,0.008142918039168664,0.022919528684703257
5.340681362725448,Temperate,Acacia_parramattensis,NA,0.015427951882263471,0.003751656763960203,0.008074839742545388,0.022781064021981552
5.551102204408814,Temperate,Acacia_parramattensis,NA,0.015324022525353998,0.003733326523597734,0.008006836996574316,0.02264120805413368
5.761523046092179,Temperate,Acacia_parramattensis,NA,0.015219457550645056,0.003714629080627438,0.007938918336690148,0.022499996764599964
5.971943887775545,Temperate,Acacia_parramattensis,NA,0.015114279240316211,0.003695571514736518,0.007871092169140503,0.02235746631149192
6.182364729458918,Temperate,Acacia_parramattensis,NA,0.015008509891549672,0.0036761609794784323,0.007803366770400458,0.022213653012698887
6.392785571142284,Temperate,Acacia_parramattensis,NA,0.014902171808827481,0.003656404698608182,0.007735750286652415,0.02206859333100255
6.603206412825649,Temperate,Acacia_parramattensis,NA,0.014795287296269173,0.003636309962405227,0.007668250733330732,0.021922323859207615
6.813627254509015,Temperate,Acacia_parramattensis,NA,0.014687878650013319,0.0036158841239861818,0.007600875994730241,0.021774881305296395
7.024048096192381,Temperate,Acacia_parramattensis,NA,0.014579968150646787,0.003595134595609595,0.007533633823678011,0.021626302477615565
7.2344689378757465,Temperate,Acacia_parramattensis,NA,0.0144715780556851,0.003574068844975018,0.007466531841267396,0.0214766242701028
7.444889779559112,Temperate,Acacia_parramattensis,NA,0.014362730592107556,0.003552694391518615,0.0073995775366536305,0.02132588364756148
7.655310621242485,Temperate,Acacia_parramattensis,NA,0.014253447948950487,0.0035310188027075193,0.007332778266910008,0.021174117630990967
7.865731462925851,Temperate,Acacia_parramattensis,NA,0.01414375226996229,0.0035090496903352284,0.007266141256943814,0.021021363282980765
8.076152304609217,Temperate,Acacia_parramattensis,NA,0.014033665646323204,0.003486794706820146,0.007199673599470823,0.020867657693175584
8.286573146292582,Temperate,Acacia_parramattensis,NA,0.013923210109433719,0.0034642615415096003,0.0071333822550476945,0.020713037963819743
8.496993987975948,Temperate,Acacia_parramattensis,NA,0.01381240762377438,0.00344145791699143,0.007067274052160943,0.020557541195387816
8.707414829659314,Temperate,Acacia_parramattensis,NA,0.013701280079840573,0.003418391585415408,0.007001355687371599,0.02040120447230955
8.91783567134268,Temperate,Acacia_parramattensis,NA,0.013589849287155276,0.003395070324826609,0.006935633725514422,0.02024406484879613
9.128256513026052,Temperate,Acacia_parramattensis,NA,0.01347813696736282,0.0033715019355128753,0.006870114599950502,0.020086159334775137
9.338677354709418,Temperate,Acacia_parramattensis,NA,0.013366164747406975,0.0033476942363685827,0.006804804612872235,0.019927524881941716
9.549098196392784,Temperate,Acacia_parramattensis,NA,0.013253954152796028,0.003323655061276728,0.0067397099356593755,0.01976819836993268
9.75951903807615,Temperate,Acacia_parramattensis,NA,0.013141526600957926,0.003299392255511484,0.006674836609285043,0.01960821659263081
9.969939879759515,Temperate,Acacia_parramattensis,NA,0.013028903394688342,0.0032749136721632794,0.006610190544770502,0.019447616244606183
10.18036072144288,Temperate,Acacia_parramattensis,NA,0.012916105715694279,0.0032502271685884232,0.0065457775236873765,0.01928643390770118
10.390781563126247,Temperate,Acacia_parramattensis,NA,0.012803154618236166,0.003225340602885339,0.006481603198706198,0.019124706037766136
10.601202404809612,Temperate,Acacia_parramattensis,NA,0.012690071022870845,0.003200261830399335,0.0064176730941899185,0.01896246895155177
10.811623246492985,Temperate,Acacia_parramattensis,NA,0.012576875710298092,0.003174998700257911,0.0063539926068311055,0.01879975881376508
11.02204408817635,Temperate,Acacia_parramattensis,NA,0.01246358931531321,0.0031495590519385074,0.00629056700633162,0.0186366116242948
11.232464929859717,Temperate,Acacia_parramattensis,NA,0.012350232320867956,0.0031239507118705876,0.006227401436123343,0.01847306320561257
11.442885771543082,Temperate,Acacia_parramattensis,NA,0.01223682505224226,0.003098181490073926,0.006164500914128728,0.018309149190355794
11.653306613226448,Temperate,Acacia_parramattensis,NA,0.012123387671328926,0.0030722591768349125,0.006101870333559825,0.018144905009098027
11.863727454909814,Temperate,Acacia_parramattensis,NA,0.012009940171033451,0.003046191539422656,0.006039514463754423,0.01798036587831248
12.07414829659318,Temperate,Acacia_parramattensis,NA,0.01189650236979107,0.0030199863188466337,0.005977437951047974,0.017815566788534166
12.284569138276552,Temperate,Acacia_parramattensis,NA,0.01178309390620294,0.0029936512266575763,0.005915645319679938,0.01765054249272594
12.494989979959918,Temperate,Acacia_parramattensis,NA,0.011669734233793696,0.0029671939417933277,0.005854140972733337,0.017485327494854055
12.705410821643284,Temperate,Acacia_parramattensis,NA,0.011556442615891583,0.002940622107471153,0.005792929193105852,0.017319956038677312
12.91583166332665,Temperate,Acacia_parramattensis,NA,0.011443238120633605,0.0029139433281282373,0.005732014144511481,0.01715446209675573
13.126252505010015,Temperate,Acacia_parramattensis,NA,0.011330139616096847,0.0028871651664117873,0.005671399872511153,0.01698887935968254
13.336673346693381,Temperate,Acacia_parramattensis,NA,0.011217165765557754,0.0028602951402202877,0.005611090305571048,0.01682324122554446
13.547094188376747,Temperate,Acacia_parramattensis,NA,0.01110433502288072,0.0028333407197972996,0.005551089256147221,0.01665758078961422
13.75751503006012,Temperate,Acacia_parramattensis,NA,0.01099166562803758,0.0028063093248792653,0.0054914004217953075,0.016491930834279852
13.967935871743485,Temperate,Acacia_parramattensis,NA,0.010879175602758976,0.002779208321898558,0.005432027386303802,0.01632632381921415
14.178356713426851,Temperate,Acacia_parramattensis,NA,0.010766882746319153,0.0027520450212431763,0.00537297362084976,0.016160791871788545
14.388777555110224,Temperate,Acacia_parramattensis,NA,0.010654804631455043,0.002724826674574248,0.005314242485175476,0.01599536677773461
14.599198396793582,Temperate,Acacia_parramattensis,NA,0.01054295860042078,0.002697560472202557,0.005255837228784909,0.015830079972056654
14.809619238476955,Temperate,Acacia_parramattensis,NA,0.010431361761178494,0.0026702535405252214,0.005197760992158495,0.015664962530198494
15.020040080160314,Temperate,Acacia_parramattensis,NA,0.01032003098372645,0.0026429129395236506,0.00514001680798521,0.01550004515946769
15.230460921843687,Temperate,Acacia_parramattensis,NA,0.010208982896564859,0.0026155456603237136,0.005082607602410348,0.015335358190719371
15.440881763527045,Temperate,Acacia_parramattensis,NA,0.010098233883300532,0.0025881586228192082,0.005025536196298098,0.015170931570302965
15.651302605210418,Temperate,Acacia_parramattensis,NA,0.0099878000793905,0.0025607586733594526,0.004968805306507405,0.015006794852273592
15.86172344689379,Temperate,Acacia_parramattensis,NA,0.009877697369025388,0.0025333525825019377,0.004912417547180055,0.01484297719087072
16.07214428857715,Temperate,Acacia_parramattensis,NA,0.00976794138215274,0.002505947042830795,0.004856375431039731,0.01467950733326575
16.282565130260522,Temperate,Acacia_parramattensis,NA,0.009658547491640678,0.0024785486668418635,0.004800681370700861,0.014516413612580496
16.49298597194388,Temperate,Acacia_parramattensis,NA,0.00954953081058212,0.0024511639848950485,0.004745337679986144,0.014353723941178094
16.703406813627254,Temperate,Acacia_parramattensis,NA,0.009440906189739535,0.0024237994432345818,0.0046903465752515215,0.01419146580422755
16.913827655310612,Temperate,Acacia_parramattensis,NA,0.009332688215130565,0.0023964614020778427,0.004635710176717633,0.014029666253543497
17.124248496993985,Temperate,Acacia_parramattensis,NA,0.009224891205753965,0.0023691561337731357,0.004581430509806462,0.013868351901701468
17.334669338677344,Temperate,Acacia_parramattensis,NA,0.009117529211456296,0.002341889821027047,0.0045275095064823325,0.01370754891643026
17.545090180360717,Temperate,Acacia_parramattensis,NA,0.009010616010938643,0.002314668555201671,0.004473949006596007,0.01354728301528128
17.75551102204409,Temperate,Acacia_parramattensis,NA,0.008904165109903309,0.0022874983346821134,0.004420750759231017,0.013387579460575602
17.965931863727448,Temperate,Acacia_parramattensis,NA,0.008798189739340032,0.002260385063314581,0.0043679164240511634,0.0132284630546289
18.17635270541082,Temperate,Acacia_parramattensis,NA,0.00869270285395114,0.002233334548915258,0.004315447572648228,0.013069958135254054
18.38677354709418,Temperate,Acacia_parramattensis,NA,0.008587717130715237,0.0022063525018501994,0.004263345689889004,0.012912088571541469
18.597194388777552,Temperate,Acacia_parramattensis,NA,0.008483244967588578,0.0021794445336863373,0.004211612175260665,0.01275487775991649
18.80761523046091,Temperate,Acacia_parramattensis,NA,0.008379298482343546,0.002152616155913688,0.00416024834421366,0.012598348620473432
19.018036072144284,Temperate,Acacia_parramattensis,NA,0.008275889511543337,0.0021258727787387827,0.004109255429501237,0.012442523593585438
19.228456913827657,Temperate,Acacia_parramattensis,NA,0.008173029609652032,0.0020992197099492884,0.004058634582514809,0.012287424636789255
19.438877755511015,Temperate,Acacia_parramattensis,NA,0.008070730048278995,0.0020726621538497115,0.004008386874614345,0.012133073221943645
19.649298597194388,Temperate,Acacia_parramattensis,NA,0.007969001815556539,0.002046205210268038,0.003958513298452977,0.0119794903326601
19.859719438877747,Temperate,Acacia_parramattensis,NA,0.007867855615649962,0.0020198538736331726,0.003909014769295227,0.011826696462004696
20.07014028056112,Temperate,Acacia_parramattensis,NA,0.007767301868398415,0.001993613032122829,0.003859892126327977,0.011674711610468853
20.280561122244478,Temperate,Acacia_parramattensis,NA,0.00766735070908568,0.001967487466881673,0.0038111461339636592,0.0115235552842077
20.49098196392785,Temperate,Acacia_parramattensis,NA,0.007568011988339239,0.0019414818513092801,0.0037627774831349024,0.011373246493543576
20.701402805611224,Temperate,Acacia_parramattensis,NA,0.007469295272156437,0.0019156007504175713,0.0037147867925800973,0.011223803751732778
20.911823647294582,Temperate,Acacia_parramattensis,NA,0.007371209842056227,0.001889848620257257,0.003667174610119291,0.011075245073993163
21.122244488977955,Temperate,Acacia_parramattensis,NA,0.0072737646953548105,0.0018642298074127508,0.0036199414139197784,0.010927587976789842
21.332665330661314,Temperate,Acacia_parramattensis,NA,0.00717696854556393,0.001838748548565096,0.003573087613751044,0.010780849477376815
21.543086172344687,Temperate,Acacia_parramattensis,NA,0.00708082982290968,0.0018134089701222057,0.0035266135522282866,0.010635046093591073
21.753507014028045,Temperate,Acacia_parramattensis,NA,0.0069853566749706626,0.00178821508791589,0.0034805195060443926,0.010490193843896933
21.963927855711418,Temperate,Acacia_parramattensis,NA,0.0068905569674332515,0.0017631708069648965,0.003434805687189631,0.010346308247676872
22.17434869739479,Temperate,Acacia_parramattensis,NA,0.006796438284962407,0.00173827992130329,0.00338947224415884,0.010203404325765974
22.38476953907815,Temperate,Acacia_parramattensis,NA,0.006703007932186153,0.0017135461138734149,0.003344519263145691,0.010061496601226617
22.595190380761522,Temperate,Acacia_parramattensis,NA,0.00661027293479163,0.00168897295648258,0.003299946769223638,0.009920599100359622
22.80561122244488,Temperate,Acacia_parramattensis,NA,0.006518240040730964,0.001664563909822696,0.003255754727513303,0.009780725353948626
23.016032064128254,Temperate,Acacia_parramattensis,NA,0.00642691572153473,0.0016403223235519062,0.0032119430443359365,0.009641888398733523
23.226452905811612,Temperate,Acacia_parramattensis,NA,0.0063363061737311405,0.0016162514364373647,0.0031685115683527778,0.009504100779109504
23.436873747494985,Temperate,Acacia_parramattensis,NA,0.006246417320368628,0.0015923543765581282,0.003125460091689966,0.00936737454904729
23.647294589178358,Temperate,Acacia_parramattensis,NA,0.006157254812639937,0.0015686341615672563,0.003082788351048931,0.009231721274230944
23.857715430861717,Temperate,Acacia_parramattensis,NA,0.006068824031605214,0.001545093699012004,0.003040496028801916,0.009097152034408511
24.06813627254509,Temperate,Acacia_parramattensis,NA,0.005981130090012216,0.0015217357867111454,0.002998582754072646,0.008963677425951786
24.278557114228448,Temperate,Acacia_parramattensis,NA,0.005894177834211135,0.0014985631131882778,0.00295704810380189,0.008831307564620378
24.48897795591182,Temperate,Acacia_parramattensis,NA,0.005807971846161795,0.0014755782581600077,0.002915891603797834,0.008700052088525756
24.69939879759518,Temperate,Acacia_parramattensis,NA,0.005722516445531032,0.0014527836930779093,0.002875112729771238,0.008569920161290826
24.909819639278552,Temperate,Acacia_parramattensis,NA,0.0056378156918777044,0.0014301817817230385,0.0028347109083552246,0.008440920475400184
25.120240480961925,Temperate,Acacia_parramattensis,NA,0.0055538733869231385,0.0014077747808518555,0.002794685518109735,0.008313061255736541
25.330661322645284,Temperate,Acacia_parramattensis,NA,0.005470693076904494,0.001385564840892309,0.0027550358905105983,0.008186350263298389
25.541082164328657,Temperate,Acacia_parramattensis,NA,0.00538827805500869,0.0013635540066888657,0.002715761310923226,0.008060794799094155
25.751503006012015,Temperate,Acacia_parramattensis,NA,0.00530663136388446,0.0013417442182952284,0.0026768610195609644,0.007936401708207955
25.961923847695388,Temperate,Acacia_parramattensis,NA,0.005225755798229999,0.0013201373118134423,0.0026383342124281293,0.007813177384031868
26.172344689378747,Temperate,Acacia_parramattensis,NA,0.005145653907453858,0.001298735020278141,0.002600180042247805,0.007691127772659911
26.38276553106212,Temperate,Acacia_parramattensis,NA,0.005066327998406491,0.0012775389745845768,0.0025623976193744893,0.007570258377438493
26.593186372745492,Temperate,Acacia_parramattensis,NA,0.004987780138180029,0.0012565507044591515,0.002524986012691659,0.007450574263668399
26.80360721442885,Temperate,Acacia_parramattensis,NA,0.00491001215697372,0.0012357716394710777,0.0024879442504943915,0.007332080063453048
27.014028056112224,Temperate,Acacia_parramattensis,NA,0.004833025651022581,0.0012152031100838509,0.002451271321357171,0.00721477998068799
27.224448897795583,Temperate,Acacia_parramattensis,NA,0.004756821985586728,0.001194846348745163,0.002414966174987024,0.007098677796186432
27.434869739478955,Temperate,Acacia_parramattensis,NA,0.0046814022979988325,0.0011747024910138857,0.0023790277230621307,0.006983776872935534
27.645290581162314,Temperate,Acacia_parramattensis,NA,0.0046067675007672275,0.0011547725767227575,0.0023434548400561067,0.006870080161478349
27.855711422845687,Temperate,Acacia_parramattensis,NA,0.004532918284732114,0.0011350575511753925,0.0023082463640481158,0.006757590205416112
28.06613226452906,Temperate,Acacia_parramattensis,NA,0.0044598551222724166,0.0011155582663762318,0.0022734010975190627,0.0066463091470257704
28.27655310621242,Temperate,Acacia_parramattensis,NA,0.004387578270560645,0.0010962754822920323,0.002238917808133984,0.006536238732987305
28.48697394789579,Temperate,Acacia_parramattensis,NA,0.004316087774863379,0.0010772098681435197,0.00220479522951094,0.006427380320215817
28.69739478957915,Temperate,Acacia_parramattensis,NA,0.00424538347188488,0.001058362003725821,0.002171032061976625,0.0063197348817931355
28.907815631262523,Temperate,Acacia_parramattensis,NA,0.00417546499315123,0.0010397323807562614,0.0021376269733088715,0.006213303012993589
29.11823647294588,Temperate,Acacia_parramattensis,NA,0.004106331768432655,0.001021321404248167,0.0021045785994663743,0.006108084937398935
29.328657314629254,Temperate,Acacia_parramattensis,NA,0.004037983029201462,0.0010031293939092622,0.002071885545305815,0.006004080513097108
29.539078156312627,Temperate,Acacia_parramattensis,NA,0.003970417812123265,9.851565855633127e-4,0.0020395463852867202,0.005901289238959809
29.749498997995985,Temperate,Acacia_parramattensis,NA,0.003903634962578943,9.674031325936091e-4,0.0020075596641642435,0.005799710260993643
29.95991983967936,Temperate,Acacia_parramattensis,NA,0.003837633138214988,9.498691074069375e-4,0.0019759238976701826,0.005699342378759794
30.170340681362717,Temperate,Acacia_parramattensis,NA,0.0037724108125199063,9.325545029166972e-4,0.0019446375731825274,0.005600184051857285
30.38076152304609,Temperate,Acacia_parramattensis,NA,0.003707966278424139,9.154592340437675e-4,0.0019136991503837307,0.0055022334064645465
30.59118236472945,Temperate,Acacia_parramattensis,NA,0.0036442976519213714,8.985831392338405e-4,0.0018831070619081036,0.005405488241934639
30.80160320641282,Temperate,Acacia_parramattensis,NA,0.003581402875708707,8.819259819898453e-4,0.0018528597139784901,0.005309946037438924
31.012024048096194,Temperate,Acacia_parramattensis,NA,0.0035192797228435777,8.654874524181782e-4,0.0018229554870326252,0.00521560395865453
31.222444889779553,Temperate,Acacia_parramattensis,NA,0.003457925800414993,8.492671687874159e-4,0.0017933927363393593,0.0051224588644906265
31.432865731462925,Temperate,Acacia_parramattensis,NA,0.003397338553226968,8.33264679098238e-4,0.001764169792605096,0.005030507313848839
31.643286573146284,Temperate,Acacia_parramattensis,NA,0.0033375152674918994,8.174794626632755e-4,0.001735284962570724,0.004939745572413075
31.853707414829657,Temperate,Acacia_parramattensis,NA,0.0032784530745316857,8.01910931695635e-4,0.0017067365295992821,0.004850169619464089
32.064128256513015,Temperate,Acacia_parramattensis,NA,0.003220148954484489,7.865584329048576e-4,0.001678522754254704,0.004761775154714275
32.27454909819639,Temperate,Acacia_parramattensis,NA,0.0031625997400149663,7.714212490990812e-4,0.001650641874871866,0.004674557605158067
32.48496993987976,Temperate,Acacia_parramattensis,NA,0.0031058021200259466,7.564986007922227e-4,0.0016230921081182464,0.004588512131933647
32.69539078156312,Temperate,Acacia_parramattensis,NA,0.003049752643369506,7.417896478149819e-4,0.0015958716495474909,0.004503633637191521
32.90581162324649,Temperate,Acacia_parramattensis,NA,0.0029944477225553076,7.272934909284888e-4,0.0015689786741450613,0.004419916770965554
33.11623246492985,Temperate,Acacia_parramattensis,NA,0.002939883637454487,7.130091734395032e-4,0.0015424113368663881,0.004337355938042586
33.326653306613224,Temperate,Acacia_parramattensis,NA,0.0028860565389968464,6.989356828159745e-4,0.001516167773167626,0.004255945304826067
33.53707414829658,Temperate,Acacia_parramattensis,NA,0.002832962452859724,6.850719523019296e-4,0.0014902460995294008,0.004175678806190047
33.747494989979955,Temperate,Acacia_parramattensis,NA,0.002780597283146481,6.714168625305601e-4,0.0014646444139737032,0.004096550152319259
33.95791583166333,Temperate,Acacia_parramattensis,NA,0.0027289568160529555,6.579692431344992e-4,0.0014393607965742592,0.0040185528355316516
34.16833667334669,Temperate,Acacia_parramattensis,NA,0.0026780367235199514,6.447278743522196e-4,0.0014143933099605359,0.0039416801370793664
34.37875751503006,Temperate,Acacia_parramattensis,NA,0.0026278325668701377,6.31691488629577e-4,0.0013897399998156741,0.0038659251339246015
34.58917835671342,Temperate,Acacia_parramattensis,NA,0.00257833980042766,6.188587722155149e-4,0.0013653988953685743,0.003791280705486746
34.79959919839679,Temperate,Acacia_parramattensis,NA,0.0025295537751186944,6.062283667509524e-4,0.0013413680098802888,0.0037177395403571
35.01002004008015,Temperate,Acacia_parramattensis,NA,0.002481469742051535,5.937988708499676e-4,0.0013176453411250476,0.003645294142978022
35.22044088176352,Temperate,Acacia_parramattensis,NA,0.0024340828560744277,5.815688416723261e-4,0.0012942288718659919,0.0035739368402828635
35.430861723446895,Temperate,Acacia_parramattensis,NA,0.0023873881793098246,5.695367964865202e-4,0.0012711165703259268,0.0035036597882937225
35.641282565130254,Temperate,Acacia_parramattensis,NA,0.002341380684663441,5.57701214222438e-4,0.0012483063906532053,0.003434454978673677
35.85170340681363,Temperate,Acacia_parramattensis,NA,0.002296055259306756,5.460605370128531e-4,0.001225796273382963,0.003366314245230549
36.062124248496986,Temperate,Acacia_parramattensis,NA,0.002251406708131549,5.34613171722937e-4,0.0012035841458938657,0.0032992292703692325
36.27254509018036,Temperate,Acacia_parramattensis,NA,0.002207429757175113,5.233574914670189e-4,0.0011816679228605273,0.003233191591489698
36.48296593186372,Temperate,Acacia_parramattensis,NA,0.002164119057014871,5.122918371118561e-4,0.0011600455067017736,0.0031681926073279685
36.69338677354709,Temperate,Acacia_parramattensis,NA,0.002121469186131106,5.01414518765694e-4,0.0011387147880248631,0.003104223584237349
36.90380761523046,Temperate,Acacia_parramattensis,NA,0.002079474654236645,4.907238172524355e-4,0.0011176736460658562,0.0030412756624074336
37.11422845691382,Temperate,Acacia_parramattensis,NA,0.0020381299055722713,4.8021798557025113e-4,0.0010969199491262039,0.0029793398620183388
37.324649298597194,Temperate,Acacia_parramattensis,NA,0.0019974293221667852,4.698952503339986e-4,0.0010764515550057154,0.002918407089327855
37.53507014028055,Temperate,Acacia_parramattensis,NA,0.001957367227060661,4.597538132008584e-4,0.001056266311432023,0.002858468142689299
37.745490981963925,Temperate,Acacia_parramattensis,NA,0.0019179378874921583,4.497918522785772e-4,0.001036362056486587,0.0027995137184977296
37.955911823647284,Temperate,Acacia_parramattensis,NA,0.0018791355180450794,4.400075235158093e-4,0.0010167366190274325,0.0027415344170627263
38.16633266533066,Temperate,Acacia_parramattensis,NA,0.0018409542837570533,4.3039896207399336e-4,9.973878191086058e-4,0.002684520748405501
38.37675350701403,Temperate,Acacia_parramattensis,NA,0.0018033883031875772,4.209642836802929e-4,9.783134683965008e-4,0.002628463137978654
38.58717434869739,Temperate,Acacia_parramattensis,NA,0.0017664316514448878,4.1170158596111686e-4,9.595113705830778e-4,0.0025733519323066978
38.79759519038076,Temperate,Acacia_parramattensis,NA,0.0017300783631708893,4.026089497557814e-4,9.409793217960618e-4,0.002519177404545717
39.00801603206412,Temperate,Acacia_parramattensis,NA,0.0016943224354833838,3.936844404099026e-4,9.227151110061698e-4,0.002465929759960598
39.21843687374749,Temperate,Acacia_parramattensis,NA,0.0016591578308748178,3.849261090481077e-4,9.047165204313895e-4,0.002413599141318246
39.42885771543085,Temperate,Acacia_parramattensis,NA,0.001624578480066961,3.76331993825729e-4,8.869813259383823e-4,0.0023621756341955396
39.639278557114224,Temperate,Acacia_parramattensis,NA,0.0015905782848207855,3.679001211591117e-4,8.695072974410044e-4,0.0023116492722005666
39.8496993987976,Temperate,Acacia_parramattensis,NA,0.0015571511207010317,3.596285069342458e-4,8.522921992959971e-4,0.0022620100421060665
40.060120240480956,Temperate,Acacia_parramattensis,NA,0.0015242908397948415,3.515151576934118e-4,8.353337906958368e-4,0.0022132478888938463
40.27054108216433,Temperate,Acacia_parramattensis,NA,0.001491991273383992,3.4355807179958954e-4,8.186298260587705e-4,0.0021653527207092134
40.48096192384769,Temperate,Acacia_parramattensis,NA,0.0014602462345702422,3.3575524057838314e-4,8.021780554160301e-4,0.0021183144137244545
40.69138276553106,Temperate,Acacia_parramattensis,NA,0.0014290495208533524,3.281046494372416e-4,7.859762247962189e-4,0.002072122816910486
40.90180360721442,Temperate,Acacia_parramattensis,NA,0.0013983949166614048,3.206042789617889e-4,7.700220766068662e-4,0.0020267677567159434
41.11222444889779,Temperate,Acacia_parramattensis,NA,0.0013682761958330525,3.132521059890829e-4,7.543133500131265e-4,0.0019822390416529786
41.322645290581164,Temperate,Acacia_parramattensis,NA,0.0013386871240513934,3.0604610465766023e-4,7.388477813136034e-4,0.0019385264667891834
41.53306613226452,Temperate,Acacia_parramattensis,NA,0.0013096214612292026,2.9898424743423957e-4,7.236231043132811e-4,0.001895619818145124
41.743486973947896,Temperate,Acacia_parramattensis,NA,0.0012810729638452433,2.9206450611696857e-4,7.086370506935067e-4,0.0018535088769969798
41.953907815631254,Temperate,Acacia_parramattensis,NA,0.001253035387231524,2.852848528151455e-4,6.938873503790287e-4,0.0018121834240840194
42.16432865731463,Temperate,Acacia_parramattensis,NA,0.0012255024878112413,2.786432609053302e-4,6.793717319019966e-4,0.001771633243720486
42.374749498997986,Temperate,Acacia_parramattensis,NA,0.0011984680252873862,2.721377059638192e-4,6.650879227629496e-4,0.0017318481278118228
42.58517034068136,Temperate,Acacia_parramattensis,NA,0.0011719257647818018,2.6576616667543974e-4,6.510336497886709e-4,0.0016928178797749327
42.79559118236473,Temperate,Acacia_parramattensis,NA,0.001145869478924732,2.5952662571867186e-4,6.372066394869288e-4,0.0016545323183625353
43.00601202404809,Temperate,Acacia_parramattensis,NA,0.001120292949894755,2.5341707062709475e-4,6.236046183980062e-4,0.0016169812813915038
43.21643286573146,Temperate,Acacia_parramattensis,NA,0.0010951899714091455,2.474354946271944e-4,6.102253134429906e-4,0.0015801546293753004
43.42685370741482,Temperate,Acacia_parramattensis,NA,0.0010705543506646885,2.4157989745257264e-4,5.970664522687668e-4,0.0015440422490606103
43.637274549098194,Temperate,Acacia_parramattensis,NA,0.0010463799102289968,2.3584828613461704e-4,5.841257635896501e-4,0.0015086340568683436
43.84769539078155,Temperate,Acacia_parramattensis,NA,0.0010226604898824533,2.30238675769712e-4,5.714009775256231e-4,0.0014739200022392835
44.058116232464926,Temperate,Acacia_parramattensis,NA,9.993899484108712e-4,2.2474909026307745e-4,5.588898259370977e-4,0.0014398900708846446
44.2685370741483,Temperate,Acacia_parramattensis,NA,9.7656216534905e-4,2.1937756304934232e-4,5.465900427561743e-4,0.0014065342879419258
44.47895791583166,Temperate,Acacia_parramattensis,NA,9.541710426753916e-4,2.1412213778997119e-4,5.344993643143254e-4,0.0013738427210364579
44.68937875751503,Temperate,Acacia_parramattensis,NA,9.322105064577898e-4,2.089808690476764e-4,5.226155296664627e-4,0.0013418054832491169
44.89979959919839,Temperate,Acacia_parramattensis,NA,9.106745084510326e-4,2.0395182293796017e-4,5.109362809113407e-4,0.0013104127359907245
45.11022044088176,Temperate,Acacia_parramattensis,NA,8.895570276459599e-4,1.9903307775794103e-4,4.994593635082355e-4,0.0012796546917836842
45.32064128256512,Temperate,Acacia_parramattensis,NA,8.688520717706826e-4,1.94222724592635e-4,4.881825265898763e-4,0.001249521616951489
45.53106212424849,Temperate,Acacia_parramattensis,NA,8.485536787441403e-4,1.895188678988637e-4,4.771035232715633e-4,0.0012200038342167173
45.74148296593185,Temperate,Acacia_parramattensis,NA,8.286559180823738e-4,1.8491962606698718e-4,4.662201109564648e-4,0.0011910917252082828
45.951903807615224,Temperate,Acacia_parramattensis,NA,8.091528922578053e-4,1.8042313196064521e-4,4.5553005163702327e-4,0.0011627757328785875
46.1623246492986,Temperate,Acacia_parramattensis,NA,7.900387380119591e-4,1.760275334347259e-4,4.4503111219247626e-4,0.001135046363831442
46.372745490981956,Temperate,Acacia_parramattensis,NA,7.713076276219796e-4,1.7173099383176752e-4,4.3472106468244516e-4,0.001107894190561514
46.58316633266533,Temperate,Acacia_parramattensis,NA,7.529537701213665e-4,1.675316924570169e-4,4.245976866365729e-4,0.00108130985360616
46.79358717434869,Temperate,Acacia_parramattensis,NA,7.349714124753875e-4,1.6342782503237757e-4,4.14658761340214e-4,0.001055284063610561
47.00400801603206,Temperate,Acacia_parramattensis,NA,7.173548407115814e-4,1.5941760412947756e-4,4.049020781161417e-4,0.001029807603307021
47.21442885771542,Temperate,Acacia_parramattensis,NA,7.00098381005854e-4,1.5549925958210193e-4,3.9532543260228936e-4,0.0010048713294094186
47.42484969939879,Temperate,Acacia_parramattensis,NA,6.83196400724628e-4,1.5167103887823465e-4,3.8592662702551384e-4,9.80466174423742e-4
47.635270541082164,Temperate,Acacia_parramattensis,NA,6.666433094235771e-4,1.479312075319669e-4,3.767034704714017e-4,9.565831483757525e-4
47.84569138276552,Temperate,Acacia_parramattensis,NA,6.504335598034321e-4,1.4427804943552204e-4,3.676537791501195e-4,9.332133404567446e-4
48.056112224448896,Temperate,Acacia_parramattensis,NA,6.345616486234101e-4,1.407098671916638e-4,3.58775376658335e-4,9.103479205884854e-4
48.266533066132254,Temperate,Acacia_parramattensis,NA,6.190221175728151e-4,1.3722498242675174e-4,3.500660942372399e-4,8.879781409083902e-4
48.47695390781563,Temperate,Acacia_parramattensis,NA,6.03809554101348e-4,1.3382173608470925e-4,3.4152377102669376e-4,8.660953371760023e-4
48.687374749498986,Temperate,Acacia_parramattensis,NA,5.889185922087246e-4,1.304984887021816e-4,3.3314625431554154e-4,8.446909301019075e-4
48.89779559118236,Temperate,Acacia_parramattensis,NA,5.743439131941602e-4,1.2725362066515284e-4,3.249313997881387e-4,8.237564266001818e-4
49.10821643286573,Temperate,Acacia_parramattensis,NA,5.600802463663282e-4,1.24085532447302e-4,3.1687707176714005e-4,8.032834209655163e-4
49.31863727454909,Temperate,Acacia_parramattensis,NA,5.461223697143953e-4,1.209926448303782e-4,3.089811434526077e-4,7.832635959761829e-4
49.52905811623246,Temperate,Acacia_parramattensis,NA,5.324651105407332e-4,1.179733991068728e-4,3.0124149715749285e-4,7.636887239239736e-4
49.73947895791582,Temperate,Acacia_parramattensis,NA,5.191033460559541e-4,1.1502625726527739e-4,2.9365602453957176e-4,7.445506675723365e-4
49.949899799599194,Temperate,Acacia_parramattensis,NA,5.060320039368625e-4,1.1214970215820536e-4,2.86222626829886e-4,7.258413810438389e-4
50.16032064128255,Temperate,Acacia_parramattensis,NA,4.932460628480059e-4,1.0934223765367247e-4,2.789392150577885e-4,7.075529106382233e-4
50.370741482965926,Temperate,Acacia_parramattensis,NA,4.807405529274183e-4,1.0660238876981489e-4,2.7180371027264407e-4,6.896773955821925e-4
50.5811623246493,Temperate,Acacia_parramattensis,NA,4.685105562372555e-4,1.039287017933437e-4,2.648140437622985e-4,6.722070687122124e-4
50.79158316633266,Temperate,Acacia_parramattensis,NA,4.56551207179933e-4,1.0131974438201772e-4,2.5796815726837385e-4,6.551342570914921e-4
51.00200400801603,Temperate,Acacia_parramattensis,NA,4.44857692880458e-4,9.877410565143351e-5,2.5126400319849416e-4,6.384513825624218e-4
51.21242484969939,Temperate,Acacia_parramattensis,NA,4.3342525353560796e-4,9.629039624642307e-5,2.4469954483552795e-4,6.22150962235688e-4
51.42284569138276,Temperate,Acacia_parramattensis,NA,4.222491827306189e-4,9.386724839735328e-5,2.382727565439314e-4,6.062256089173064e-4
51.63326653306612,Temperate,Acacia_parramattensis,NA,4.1132482772406466e-4,9.150331596162567e-5,2.3198162397328932e-4,5.9066803147484e-4
51.84368737474949,Temperate,Acacia_parramattensis,NA,4.0064758970158944e-4,8.91972744506713e-5,2.25824144259139e-4,5.7547103514404e-4
52.054108216432866,Temperate,Acacia_parramattensis,NA,3.902129239991822e-4,8.69478210427431e-5,2.197983262211719e-4,5.606275217771925e-4
52.264529058116224,Temperate,Acacia_parramattensis,NA,3.8001634029665473e-4,8.475367458180337e-5,2.1390219055889234e-4,5.461304900344172e-4
52.4749498997996,Temperate,Acacia_parramattensis,NA,3.700534027820106e-4,8.261357556281138e-5,2.0813377004482204e-4,5.319730355191992e-4
52.685370741482956,Temperate,Acacia_parramattensis,NA,3.603197302873835e-4,8.052628610371508e-5,2.0249110971533375e-4,5.181483508594333e-4
52.89579158316633,Temperate,Acacia_parramattensis,NA,3.508109963972129e-4,7.84905899044524e-5,1.9697226705918307e-4,5.046497257352428e-4
53.10621242484969,Temperate,Acacia_parramattensis,NA,3.415229295293488e-4,7.650529219327356e-5,1.915753122038193e-4,4.914705468548784e-4
53.31663326653306,Temperate,Acacia_parramattensis,NA,3.3245131298974354e-4,7.456921966069172e-5,1.862983280995317e-4,4.786042978799554e-4
53.52705410821643,Temperate,Acacia_parramattensis,NA,3.2359198500142474e-4,7.268122038138017e-5,1.811394107015011e-4,4.660445593013484e-4
53.73747494989979,Temperate,Acacia_parramattensis,NA,3.1494083870840393e-4,7.084016372432822e-5,1.7609666914979982e-4,4.53785008267008e-4
53.947895791583164,Temperate,Acacia_parramattensis,NA,3.064938221552036e-4,6.904494025157762e-5,1.7116822594739157e-4,4.418194183630156e-4
54.15831663326652,Temperate,Acacia_parramattensis,NA,2.9824693824266076e-4,6.729446160585979e-5,1.6635221713616217e-4,4.3014165934915935e-4
54.368737474949896,Temperate,Acacia_parramattensis,NA,2.901962446606783e-4,6.55876603874595e-5,1.6164679247101336e-4,4.1874569685034326e-4
54.579158316633254,Temperate,Acacia_parramattensis,NA,2.8233785379857965e-4,6.392349002063298e-5,1.570501155920335e-4,4.076255920051258e-4
54.78957915831663,Temperate,Acacia_parramattensis,NA,2.746679326337187e-4,6.230092460990952e-5,1.5256036419475095e-4,3.9677550107268647e-4
55,Temperate,Acacia_parramattensis,NA,2.671827025990129e-4,6.071895878661484e-5,1.48175730198476e-4,3.8618967499954985e-4
