Lat,Climate,SpeciesAnal,SaplingCodeUniqueSP,Herbivory,SE,LowerCI,UpperCI
-50,Tropical,Acacia_parramattensis,NA,0.011072430903802102,0.0029624758515126594,0.005266084929767662,0.01687877687783654
-49.789579158316634,Tropical,Acacia_parramattensis,NA,0.01119164830184677,0.0029591003466773336,0.005391918195719209,0.01699137840797433
-49.57915831663327,Tropical,Acacia_parramattensis,NA,0.011311390452515597,0.0029553276943912175,0.0055190546089950165,0.017103726296036178
-49.3687374749499,Tropical,Acacia_parramattensis,NA,0.011431646936935541,0.0029511595850340595,0.005647480437638615,0.017215813436232467
-49.15831663326653,Tropical,Acacia_parramattensis,NA,0.01155240712730265,0.0029465980324951922,0.00577718110669549,0.01732763314790981
-48.947895791583164,Tropical,Acacia_parramattensis,NA,0.011673660187656719,0.002941645384559495,0.0059081411786316325,0.017439179196681805
-48.7374749498998,Tropical,Acacia_parramattensis,NA,0.011795395074733109,0.0029363043335931837,0.006040344333241586,0.01755044581622463
-48.52705410821643,Tropical,Acacia_parramattensis,NA,0.011917600538891895,0.002930577927538709,0.0061737733470279945,0.017661427730755797
-48.31663326653307,Tropical,Acacia_parramattensis,NA,0.012040265125124532,0.0029244695812277663,0.006308410072035177,0.017772120178213887
-48.1062124248497,Tropical,Acacia_parramattensis,NA,0.012163377174138568,0.0029179830880211206,0.006444235414120202,0.017882518934156932
-47.895791583166336,Tropical,Acacia_parramattensis,NA,0.012286924823520402,0.0029111226317832745,0.006581229310645728,0.017992620336395076
-47.68537074148296,Tropical,Acacia_parramattensis,NA,0.012410896008976248,0.0029038927991993273,0.006719370707580365,0.01810242131037213
-47.4749498997996,Tropical,Acacia_parramattensis,NA,0.012535278465651707,0.0028962985924405873,0.006858637535994105,0.01821191939530931
-47.26452905811623,Tropical,Acacia_parramattensis,NA,0.012660059729529634,0.0028883454421841552,0.006999006687938274,0.018321112771120994
-47.054108216432866,Tropical,Acacia_parramattensis,NA,0.012785227138906865,0.002880039220990609,0.0071404539917024785,0.01843000028611125
-46.8436873747495,Tropical,Acacia_parramattensis,NA,0.012910767835949305,0.0028713862570419924,0.007282954186443731,0.01853858148545488
-46.633266533066134,Tropical,Acacia_parramattensis,NA,0.013036668768325915,0.002862393348240619,0.007426480896187286,0.018646856640464542
-46.42284569138277,Tropical,Acacia_parramattensis,NA,0.013162916690921006,0.002853067776666644,0.007571006603202619,0.018754826778639395
-46.2124248496994,Tropical,Acacia_parramattensis,NA,0.0132894981676253,0.002843417323389843,0.007716502620763928,0.018862493714486672
-46.00200400801603,Tropical,Acacia_parramattensis,NA,0.013416399573205123,0.0028334502836277033,0.007862939065310024,0.018969860081100222
-45.791583166332664,Tropical,Acacia_parramattensis,NA,0.013543607095250002,0.002823175482238374,0.00801028482802629,0.019076929362473714
-45.5811623246493,Tropical,Acacia_parramattensis,NA,0.013671106736198205,0.0028126022895327367,0.008158507545879146,0.019183705926517265
-45.37074148296593,Tropical,Acacia_parramattensis,NA,0.013798884315440069,0.002801740637385016,0.008307573572143144,0.019290195058736994
-45.16032064128257,Tropical,Acacia_parramattensis,NA,0.013926925471498847,0.002790601035615841,0.008457447946471623,0.01939640299652607
-44.9498997995992,Tropical,Acacia_parramattensis,NA,0.01405521566428878,0.002779194588615354,0.008608094364574076,0.019502336964003483
-44.739478957915836,Tropical,Acacia_parramattensis,NA,0.014183740177450034,0.0027675330121668743,0.00875947514757731,0.019608005207322757
-44.52905811623246,Tropical,Acacia_parramattensis,NA,0.014312484120759986,0.0027556286504236034,0.00891155121116301,0.019713417030356964
-44.3186372745491,Tropical,Acacia_parramattensis,NA,0.014441432432620744,0.002743494492981953,0.009064282034592142,0.019818582830649346
-44.10821643286573,Tropical,Acacia_parramattensis,NA,0.014570569882622052,0.0027311441919849163,0.00921762562974587,0.019923514135498234
-43.897795591182366,Tropical,Acacia_parramattensis,NA,0.014699881074179301,0.0027185920791779564,0.009371538510334645,0.020028223638023958
-43.687374749499,Tropical,Acacia_parramattensis,NA,0.014829350447246231,0.0027058531828274297,0.009525975661451396,0.020132725233041066
-43.476953907815634,Tropical,Acacia_parramattensis,NA,0.014958962281101308,0.0026929432443979994,0.009680890509670786,0.02023703405253183
-43.26653306613227,Tropical,Acacia_parramattensis,NA,0.015088700697207575,0.0026798787348707147,0.00983623489392621,0.02034116650048894
-43.056112224448896,Tropical,Acacia_parramattensis,NA,0.015218549662145258,0.002666676870567152,0.009991959037427663,0.020445140286862853
-42.84569138276553,Tropical,Acacia_parramattensis,NA,0.015348492990616115,0.002653355628327423,0.01014801152091772,0.02054897446031451
-42.635270541082164,Tropical,Acacia_parramattensis,NA,0.015478514348519233,0.002639933759870999,0.010304339257600666,0.0206526894394378
-42.4248496993988,Tropical,Acacia_parramattensis,NA,0.015608597256097225,0.0026264308051490077,0.010460887470118634,0.020756307042075817
-42.21442885771543,Tropical,Acacia_parramattensis,NA,0.015738725091152105,0.002612867104475182,0.010617599669991295,0.020859850512312914
-42.00400801603207,Tropical,Acacia_parramattensis,NA,0.015868881092329958,0.0025992638091999498,0.010774417639979666,0.020963344544680247
-41.7935871743487,Tropical,Acacia_parramattensis,NA,0.01599904836247369,0.002585642890668678,0.010931281419881044,0.021066815305066332
-41.58316633266533,Tropical,Acacia_parramattensis,NA,0.016129209872042652,0.002572027147180607,0.011088129296309363,0.021170290447775943
-41.37274549098196,Tropical,Acacia_parramattensis,NA,0.016259348462598546,0.0025584402086404204,0.011244897797064182,0.02127379912813291
-41.1623246492986,Tropical,Acacia_parramattensis,NA,0.016389446850356336,0.0025449065385694824,0.011401521690739658,0.021377372009973014
-40.95190380761523,Tropical,Acacia_parramattensis,NA,0.0165194876297992,0.002531451433119574,0.011557933992272527,0.02148104126732587
-40.741482965931866,Tropical,Acacia_parramattensis,NA,0.01664945327735678,0.0025181010167086623,0.01171406597517411,0.021584840579539452
-40.5310621242485,Tropical,Acacia_parramattensis,NA,0.01677932615514508,0.002504882233876679,0.011869847191232555,0.02168880511905761
-40.320641282565134,Tropical,Acacia_parramattensis,NA,0.01690908851476755,0.0024918228369404565,0.012025205498509833,0.021792971531025267
-40.11022044088176,Tropical,Acacia_parramattensis,NA,0.01703872250117554,0.0024789513690114027,0.012180067098486931,0.021897377903864153
-39.899799599198396,Tropical,Acacia_parramattensis,NA,0.017168210156587583,0.0024662971419287987,0.012334356583233069,0.022002063729942095
-39.68937875751503,Tropical,Acacia_parramattensis,NA,0.017297533424465803,0.0024538902086563143,0.012487996993483949,0.022107069855447657
-39.478957915831664,Tropical,Acacia_parramattensis,NA,0.017426674153548444,0.0024417613296913664,0.012640909888510734,0.022212438418586153
-39.2685370741483,Tropical,Acacia_parramattensis,NA,0.01755561410193727,0.002429941933047078,0.012793015428641356,0.02231821277523318
-39.05811623246493,Tropical,Acacia_parramattensis,NA,0.01768433494123832,0.0024184640673865507,0.01294423247125643,0.02242443741122021
-38.84769539078157,Tropical,Acacia_parramattensis,NA,0.017812818260754974,0.0024073603479202858,0.013094478681021402,0.022531157840488546
-38.637274549098194,Tropical,Acacia_parramattensis,NA,0.017941045571731783,0.0023966638947209534,0.01324367065503122,0.022638420488432346
-38.42685370741483,Tropical,Acacia_parramattensis,NA,0.01806899831164766,0.0023864082631669275,0.013391724063431698,0.02274627255986362
-38.21643286573146,Tropical,Acacia_parramattensis,NA,0.018196657848557212,0.0023766273662976845,0.013538553805941468,0.022854761891172956
-38.0060120240481,Tropical,Acacia_parramattensis,NA,0.01832400548547851,0.002367355388951253,0.013684074184527242,0.022963936786429776
-37.79559118236473,Tropical,Acacia_parramattensis,NA,0.018451022464826085,0.00235862669365672,0.013828199092284128,0.023073845837368042
-37.585170340681366,Tropical,Acacia_parramattensis,NA,0.01857768997288746,0.0023504757183730133,0.013970842218340444,0.023184537727434475
-37.374749498998,Tropical,Acacia_parramattensis,NA,0.01870398914434187,0.002342936866298388,0.014111917268345894,0.023296061020337842
-37.16432865731463,Tropical,Acacia_parramattensis,NA,0.01882990106681944,0.0023360443881214965,0.014251338199814398,0.02340846393382448
-36.95390781563126,Tropical,Acacia_parramattensis,NA,0.018955406785499517,0.002329832257242834,0.014389019471283905,0.02352179409971513
-36.743486973947896,Tropical,Acacia_parramattensis,NA,0.01908048730774633,0.0023243340386615795,0.014524876303929103,0.023636098311563554
-36.53306613226453,Tropical,Acacia_parramattensis,NA,0.019205123607780542,0.002319582752393934,0.014658824953928142,0.023751422261632942
-36.322645290581164,Tropical,Acacia_parramattensis,NA,0.019329296631385027,0.0023156107324603433,0.01479078299354834,0.023867810269221714
-36.1122244488978,Tropical,Acacia_parramattensis,NA,0.019452987300643137,0.0023124494826456464,0.01492066959858939,0.023985305002696883
-35.90180360721443,Tropical,Acacia_parramattensis,NA,0.019576176518707984,0.0023101295303923487,0.015048405839516553,0.024103947197899413
-35.69138276553106,Tropical,Acacia_parramattensis,NA,0.019698845174600924,0.002308680280327092,0.015173914973341989,0.02422377537585986
-35.480961923847694,Tropical,Acacia_parramattensis,NA,0.019820974148037546,0.002308129869037764,0.015297122733082378,0.024344825562992715
-35.27054108216433,Tropical,Acacia_parramattensis,NA,0.019942544314279633,0.0023085050228079003,0.015417957611446334,0.024467131017112932
-35.06012024048096,Tropical,Acacia_parramattensis,NA,0.020063536549011034,0.0023098309200703824,0.01553635113529607,0.024590721962726
-34.8496993987976,Tropical,Acacia_parramattensis,NA,0.02018393173323615,0.002312131060359795,0.01565223812739455,0.024715625339077753
-34.63927855711423,Tropical,Acacia_parramattensis,NA,0.02030371075819884,0.002315427141518309,0.01576555695199643,0.02484186456440125
-34.428857715430865,Tropical,Acacia_parramattensis,NA,0.020422854530320365,0.0023197389468420735,0.015876249740975026,0.024969459319665703
-34.21843687374749,Tropical,Acacia_parramattensis,NA,0.02054134397615428,0.002325084243743088,0.015984262597396277,0.02509842535491228
-34.00801603206413,Tropical,Acacia_parramattensis,NA,0.02065916004735673,0.0023314786953471302,0.016089545773753922,0.025228774320959536
-33.79759519038076,Tropical,Acacia_parramattensis,NA,0.02077628372567026,0.0023389357862545128,0.016192053822459543,0.025360513628880976
-33.587174348697395,Tropical,Acacia_parramattensis,NA,0.020892696027919214,0.0023474667634624203,0.016291745716628066,0.025493646339210363
-33.37675350701403,Tropical,Acacia_parramattensis,NA,0.02100837801101521,0.0023570805931917584,0.016388584939701058,0.025628171082329364
-33.166332665330664,Tropical,Acacia_parramattensis,NA,0.021123310776970484,0.0023677839340855685,0.01648253954299021,0.02576408201095076
-32.9559118236473,Tropical,Acacia_parramattensis,NA,0.021237475477917697,0.002379581126959077,0.016573582170786673,0.02590136878504872
-32.745490981963925,Tropical,Acacia_parramattensis,NA,0.021350853321133997,0.0023924742009921425,0.016661690053248156,0.02604001658901984
-32.53507014028057,Tropical,Acacia_parramattensis,NA,0.02146342557406773,0.00240646289597283,0.016746844967829022,0.026180006180306435
-32.324649298597194,Tropical,Acacia_parramattensis,NA,0.021575173569365922,0.0024215446999344683,0.016829033170540512,0.02632131396819133
-32.11422845691383,Tropical,Acacia_parramattensis,NA,0.021686078709900556,0.002437714901285899,0.01690824529880358,0.02646391212099753
-31.903807615230463,Tropical,Acacia_parramattensis,NA,0.02179612247379205,0.0024549666543222885,0.01698447624807357,0.026607768699510526
-31.693386773547097,Tropical,Acacia_parramattensis,NA,0.021905286419427836,0.0024732910568269367,0.017057725024762032,0.02675284781409364
-31.482965931863728,Tropical,Acacia_parramattensis,NA,0.02201355219047434,0.0024926772383366005,0.01712799457825184,0.02689910980269684
-31.272545090180362,Tropical,Acacia_parramattensis,NA,0.022120901520880504,0.002513112457545585,0.01719529161499221,0.027046511426768796
-31.062124248496996,Tropical,Acacia_parramattensis,NA,0.02222731623987096,0.002534582207267497,0.017259626397770633,0.027195006081971288
-30.851703406813627,Tropical,Acacia_parramattensis,NA,0.022332778276926986,0.0025570703253564825,0.017321012533292164,0.027344544020561808
-30.64128256513026,Tropical,Acacia_parramattensis,NA,0.022437269666753648,0.002580559110009479,0.017379466751158333,0.027495072582348963
-30.430861723446895,Tropical,Acacia_parramattensis,NA,0.022540772554230867,0.002605029437923296,0.017435008677234586,0.027646536431227147
-30.22044088176353,Tropical,Acacia_parramattensis,NA,0.022643269199346974,0.0026304608838609877,0.01748766060423804,0.027798877794455907
-30.01002004008016,Tropical,Acacia_parramattensis,NA,0.02274474198211268,0.0026568318402854637,0.017537447262173902,0.02795203670205146
-29.799599198396795,Tropical,Acacia_parramattensis,NA,0.022845173407453907,0.0026841196358396192,0.01758439559101149,0.028105951223896326
-29.58917835671343,Tropical,Acacia_parramattensis,NA,0.022944546110081294,0.0027123006515858313,0.017628534517728545,0.028260557702434044
-29.37875751503006,Tropical,Acacia_parramattensis,NA,0.023042842859334875,0.002741350434058774,0.017669894739576433,0.028415790979093317
-29.168336673346694,Tropical,Acacia_parramattensis,NA,0.023140046564002075,0.0027712438043292595,0.017708508515136962,0.028571584612867188
-28.95791583166333,Tropical,Acacia_parramattensis,NA,0.023236140277107218,0.0028019549624193306,0.01774440946446205,0.028727871089752385
-28.747494989979963,Tropical,Acacia_parramattensis,NA,0.023331107200670675,0.002833457586546623,0.01777763237931751,0.02888458202202384
-28.537074148296593,Tropical,Acacia_parramattensis,NA,0.023424930690436083,0.0028657249268063873,0.017808213044296882,0.029041648336575285
-28.326653306613228,Tropical,Acacia_parramattensis,NA,0.023517594260563685,0.0028987298930202676,0.01783618806933432,0.02919900045179305
-28.116232464929862,Tropical,Acacia_parramattensis,NA,0.023609081588288287,0.002932445136590729,0.01786159473393082,0.029356568442645753
-27.905811623246493,Tropical,Acacia_parramattensis,NA,0.023699376518539796,0.002966843126297601,0.01788447084321628,0.02951428219386331
-27.695390781563127,Tropical,Acacia_parramattensis,NA,0.023788463068524963,0.003001896218058704,0.01790485459580291,0.029672071541247017
-27.48496993987976,Tropical,Acacia_parramattensis,NA,0.023876325432268454,0.0030375767187493415,0.017922784463242393,0.029829866401294515
-27.274549098196395,Tropical,Acacia_parramattensis,NA,0.023962947985111397,0.003073856944236365,0.017938299080779777,0.029987596889443018
-27.064128256513026,Tropical,Acacia_parramattensis,NA,0.02404831528816628,0.003110709271832119,0.01795143714900051,0.03014519342733205
-26.85370741482966,Tropical,Acacia_parramattensis,NA,0.024132412092725878,0.0031481061874122774,0.017962237345890114,0.030302586839561642
-26.643286573146295,Tropical,Acacia_parramattensis,NA,0.024215223344625114,0.0031860203274709934,0.01797073824876946,0.03045970844048077
-26.432865731462925,Tropical,Acacia_parramattensis,NA,0.024296734188553947,0.0032244245164072534,0.01797697826552775,0.030616490111580144
-26.22244488977956,Tropical,Acacia_parramattensis,NA,0.02437692997231987,0.003263291799349385,0.017980995574550167,0.03077286437008957
-26.012024048096194,Tropical,Acacia_parramattensis,NA,0.024455796251058193,0.003302595470831089,0.01798282807272416,0.030928764429392228
-25.80160320641283,Tropical,Acacia_parramattensis,NA,0.0245333187913889,0.003342309099633308,0.017982513330907123,0.031084124251870678
-25.59118236472946,Tropical,Acacia_parramattensis,NA,0.024609483575518315,0.00338240655010249,0.017980088556245062,0.031238878594791568
-25.380761523046093,Tropical,Acacia_parramattensis,NA,0.024684276805284063,0.003422862000248337,0.017975590560746595,0.03139296304982153
-25.170340681362728,Tropical,Acacia_parramattensis,NA,0.024757684906141914,0.0034636499569138204,0.017969055735537115,0.03154631407674671
-24.959919839679362,Tropical,Acacia_parramattensis,NA,0.024829694531093075,0.0035047452682974447,0.017960520030242916,0.03169886903194323
-24.749498997995993,Tropical,Acacia_parramattensis,NA,0.024900292564550393,0.0035461231340935605,0.017950018936982715,0.03185056619211807
-24.539078156312627,Tropical,Acacia_parramattensis,NA,0.02496946612614201,0.0035877591135009667,0.017937587478474765,0.032001344773809254
-24.32865731462926,Tropical,Acacia_parramattensis,NA,0.025037202574451266,0.003629629131334097,0.017923260199799035,0.0321511449491035
-24.118236472945892,Tropical,Acacia_parramattensis,NA,0.02510348951069129,0.0036717094824545667,0.01790707116338614,0.03229990785799644
-23.907815631262526,Tropical,Acacia_parramattensis,NA,0.025168314782312972,0.003713976834724538,0.017889053946836812,0.03244757561778913
-23.69739478957916,Tropical,Acacia_parramattensis,NA,0.025231666486545044,0.0037564082306672333,0.01786924164320744,0.03259409132988265
-23.486973947895795,Tropical,Acacia_parramattensis,NA,0.02529353297386494,0.0037989810880042526,0.017847666863427817,0.03273939908430206
-23.276553106212425,Tropical,Acacia_parramattensis,NA,0.025353902851399143,0.003841673199224278,0.01782436174054679,0.03288344396225149
-23.06613226452906,Tropical,Acacia_parramattensis,NA,0.0254127649862518,0.0038844627303233794,0.017799357935529853,0.03302617203697375
-22.855711422845694,Tropical,Acacia_parramattensis,NA,0.02547010850876041,0.003927328218843575,0.017772686644359166,0.033167530373161655
-22.645290581162325,Tropical,Acacia_parramattensis,NA,0.025525922815677272,0.0039702485713235,0.01774437860621161,0.03330746702514294
-22.43486973947896,Tropical,Acacia_parramattensis,NA,0.025580197573275718,0.004013203060263176,0.017714464112513966,0.033445931034037465
-22.224448897795593,Tropical,Acacia_parramattensis,NA,0.025632922720379866,0.004056171320693818,0.01768297301669572,0.03358287242406401
-22.014028056112227,Tropical,Acacia_parramattensis,NA,0.02568408847131682,0.0040991333464333295,0.017649934744480348,0.033718242198153295
-21.803607214428858,Tropical,Acacia_parramattensis,NA,0.025733685318790184,0.004142069486098914,0.017615378304573985,0.033851992333006384
-21.593186372745492,Tropical,Acacia_parramattensis,NA,0.025781704036673965,0.004184960438939455,0.0175793322996277,0.03398407577372023
-21.382765531062127,Tropical,Acacia_parramattensis,NA,0.02582813568272581,0.0042277872505426745,0.01754182493736455,0.034114446428087065
-21.172344689378757,Tropical,Acacia_parramattensis,NA,0.025872971601218413,0.00427053130846478,0.017502884041776735,0.03424305916066009
-20.96192384769539,Tropical,Acacia_parramattensis,NA,0.025916203425488404,0.0043131743378240425,0.017462537064310887,0.034369869786665924
-20.751503006012026,Tropical,Acacia_parramattensis,NA,0.025957823080401687,0.004355698396893876,0.01742081109497084,0.034494835065832535
-20.54108216432866,Tropical,Acacia_parramattensis,NA,0.025997822784734125,0.004398085872725676,0.017377732873277388,0.03461791269619086
-20.33066132264529,Tropical,Acacia_parramattensis,NA,0.026036195053467145,0.0044403194768272095,0.017333328799034084,0.03473906130790021
-20.120240480961925,Tropical,Acacia_parramattensis,NA,0.026072932699996967,0.004482382240917935,0.017287624942855878,0.034858240457138055
-19.90981963927856,Tropical,Acacia_parramattensis,NA,0.02610802883825699,0.004524257512779115,0.017240647056425164,0.03497541062008881
-19.699398797595194,Tropical,Acacia_parramattensis,NA,0.026141476884752376,0.004565928952213125,0.017192420582445946,0.035090533187058806
-19.488977955911825,Tropical,Acacia_parramattensis,NA,0.02617327056050616,0.004607380527123517,0.0171429706642729,0.03520357045673942
-19.27855711422846,Tropical,Acacia_parramattensis,NA,0.026203403892916238,0.004648596509724842,0.017092322155196953,0.03531448563063552
-19.068136272545093,Tropical,Acacia_parramattensis,NA,0.026231871217522424,0.004689561472888894,0.017040499627373584,0.035423242807671264
-18.857715430861724,Tropical,Acacia_parramattensis,NA,0.026258667179683,0.0047302602866321,0.016987527380383973,0.03552980697898203
-18.647294589178358,Tropical,Acacia_parramattensis,NA,0.02628378673616032,0.004770678114747098,0.01693342944942257,0.03563414402289807
-18.436873747494992,Tropical,Acacia_parramattensis,NA,0.026307225156614517,0.00481080041157992,0.016878229613107407,0.035736220700121626
-18.226452905811627,Tropical,Acacia_parramattensis,NA,0.026328978025005147,0.004850612918953055,0.016821951400912458,0.035836004649097836
-18.016032064128257,Tropical,Acacia_parramattensis,NA,0.026349041240900095,0.00489010166323342,0.01676461810022318,0.03593346438157701
-17.805611222444888,Tropical,Acacia_parramattensis,NA,0.026367411020691196,0.004929252952543397,0.016706252763018417,0.036028569278363974
-17.595190380761522,Tropical,Acacia_parramattensis,NA,0.026384083898716323,0.004968053374112268,0.016646878212183584,0.03612128958524906
-17.384769539078157,Tropical,Acacia_parramattensis,NA,0.026399056728287407,0.005006489791764694,0.016586517047461176,0.03621159640911364
-17.17434869739479,Tropical,Acacia_parramattensis,NA,0.026412326682623975,0.0050445493435422985,0.0165251916510459,0.03629946171420205
-16.963927855711425,Tropical,Acacia_parramattensis,NA,0.02642389125569205,0.0050822194394540355,0.016462924192832802,0.036384858318551296
-16.75350701402806,Tropical,Acacia_parramattensis,NA,0.026433748262947927,0.005119487759350519,0.016399736635327254,0.0364677598905686
-16.543086172344694,Tropical,Acacia_parramattensis,NA,0.0264418958419867,0.005156342250917338,0.016335650738226525,0.036548140945746876
-16.332665330661328,Tropical,Acacia_parramattensis,NA,0.02644833245309511,0.005192771127781997,0.01627068806268296,0.03662597684350726
-16.122244488977955,Tropical,Acacia_parramattensis,NA,0.026453056879708784,0.005228762867729114,0.016204869975259353,0.03670124378415822
-15.91182364729459,Tropical,Acacia_parramattensis,NA,0.02645606822877342,0.005264306211018236,0.016138217651587166,0.03677391880595968
-15.701402805611224,Tropical,Acacia_parramattensis,NA,0.02645736593101011,0.005299390158798703,0.016070752079738657,0.03684397978228156
-15.490981963927858,Tropical,Acacia_parramattensis,NA,0.02645694974108425,0.005334003971615787,0.0160024940633237,0.0369114054188448
-15.280561122244492,Tropical,Acacia_parramattensis,NA,0.026454819737678575,0.005368137168002584,0.015933464224322673,0.03697617525103448
-15.070140280561127,Tropical,Acacia_parramattensis,NA,0.02645097632346967,0.0054017795231518125,0.015863683005666172,0.037038269641273165
-14.859719438877761,Tropical,Acacia_parramattensis,NA,0.026445420225008384,0.005434921067662092,0.015793170673572707,0.03709766977644406
-14.649298597194388,Tropical,Acacia_parramattensis,NA,0.026438152492504162,0.005467552086353115,0.015721947319655226,0.0371543576653531
-14.438877755511022,Tropical,Acacia_parramattensis,NA,0.026429174499513052,0.0054996631171442345,0.015650032862807067,0.03720831613621904
-14.228456913827657,Tropical,Acacia_parramattensis,NA,0.026418487942529902,0.005531244949991231,0.015577447050878039,0.037259528834181765
-14.018036072144291,Tropical,Acacia_parramattensis,NA,0.026406094840484718,0.005562288625875987,0.015504209462151,0.03730798021881844
-13.807615230460925,Tropical,Acacia_parramattensis,NA,0.026391997534143164,0.005592785435843953,0.015430339506628869,0.037353655561657456
-13.59719438877756,Tropical,Acacia_parramattensis,NA,0.0263761986854119,0.005622726920084592,0.015355856427142281,0.03739654094368152
-13.386773547094194,Tropical,Acacia_parramattensis,NA,0.026358701276548484,0.005652104867049788,0.015280779300287352,0.037436623252809616
-13.176352705410821,Tropical,Acacia_parramattensis,NA,0.026339508609276547,0.0056809113126057706,0.015205127037203075,0.03747389018135002
-12.965931863727455,Tropical,Acacia_parramattensis,NA,0.026318624303806226,0.00570913853921384,0.015128918384197486,0.037508330223414967
-12.75551102204409,Tropical,Acacia_parramattensis,NA,0.026296052297760508,0.005736779075135692,0.015052171923231553,0.03753993267228946
-12.545090180360724,Tropical,Acacia_parramattensis,NA,0.026271796845007602,0.005763825693658985,0.0149749060722694,0.0375686876177458
-12.334669338677358,Tropical,Acacia_parramattensis,NA,0.02624586251439998,0.005790271412339212,0.014897139085503254,0.037594585943296704
-12.124248496993992,Tropical,Acacia_parramattensis,NA,0.02621825418842034,0.005816109492253856,0.014818889053461248,0.03761761932337944
-11.913827655310627,Tropical,Acacia_parramattensis,NA,0.02618897706173524,0.005841333437265148,0.014740173903005993,0.03763778022046449
-11.703406813627254,Tropical,Acacia_parramattensis,NA,0.02615803663965661,0.005865936993287787,0.01466101139723138,0.03765506188208184
-11.492985971943888,Tropical,Acacia_parramattensis,NA,0.026125438736512047,0.005889914147558127,0.014581419135265188,0.03766945833775891
-11.282565130260522,Tropical,Acacia_parramattensis,NA,0.02609118947392405,0.005913259127901565,0.014501414551984256,0.037680964395863846
-11.072144288577157,Tropical,Acacia_parramattensis,NA,0.02605529527899932,0.005935966401994928,0.014421014917649456,0.03768957564034918
-10.86172344689379,Tropical,Acacia_parramattensis,NA,0.02601776288242842,0.005958030676620836,0.014340237337466772,0.03769528842739006
-10.651302605210425,Tropical,Acacia_parramattensis,NA,0.02597859931649653,0.0059794468969111185,0.014259098751080954,0.037698099881912105
-10.44088176352706,Tropical,Acacia_parramattensis,NA,0.025937811913006148,0.006000210245576547,0.014177615932007885,0.03769800789400441
-10.230460921843687,Tropical,Acacia_parramattensis,NA,0.025895408301112463,0.006020316142120271,0.014095805487011613,0.03769501111521331
-10.02004008016032,Tropical,Acacia_parramattensis,NA,0.02585139640507204,0.006039760242032405,0.014013683855431608,0.037689108954712475
-9.809619238476955,Tropical,Acacia_parramattensis,NA,0.025805784441905868,0.006058538435963468,0.013931267308465844,0.037680301575345895
-9.59919839679359,Tropical,Acacia_parramattensis,NA,0.025758580918977262,0.0060766468488743005,0.013848571948414826,0.037668589889539694
-9.388777555110224,Tropical,Acacia_parramattensis,NA,0.025709794631486066,0.0060940818391605105,0.013765613707891854,0.03765397555508028
-9.178356713426858,Tropical,Acacia_parramattensis,NA,0.025659434659879448,0.006110839997749257,0.013682408349004081,0.03763646097075481
-8.967935871743492,Tropical,Acacia_parramattensis,NA,0.025607510367180605,0.006126918147166552,0.013598971462509287,0.03761604927185192
-8.75751503006012,Tropical,Acacia_parramattensis,NA,0.02555403139623628,0.006142313340573311,0.013515318466952688,0.03759274432551987
-8.547094188376754,Tropical,Acacia_parramattensis,NA,0.025499007666884097,0.006157022860768404,0.013431464607788256,0.03756655072597994
-8.336673346693388,Tropical,Acacia_parramattensis,NA,0.0254424493730406,0.006171044219157196,0.013347424956488399,0.0375374737895928
-8.126252505010022,Tropical,Acacia_parramattensis,NA,0.025384366979711314,0.006184375154684022,0.013263214409646307,0.03750551954977632
-7.9158316633266566,Tropical,Acacia_parramattensis,NA,0.025324771219923718,0.00619701363272731,0.013178847688074466,0.03747069475177297
-7.705410821643291,Tropical,Acacia_parramattensis,NA,0.02526367309158432,0.0062089578439559765,0.013094339335903144,0.0374330068472655
-7.494989979959925,Tropical,Acacia_parramattensis,NA,0.025201083854261005,0.006220206203145995,0.013009703719682223,0.03739246398883979
-7.284569138276552,Tropical,Acacia_parramattensis,NA,0.02513701502589178,0.006230757347955947,0.012924955027489825,0.037349075024293736
-7.074148296593187,Tropical,Acacia_parramattensis,NA,0.02507147837942118,0.006240610137660635,0.012840107268050788,0.03730284949079157
-6.863727454909821,Tropical,Acacia_parramattensis,NA,0.02500448593936551,0.00624976365184178,0.012755174269868096,0.037253797608862924
-6.653306613226455,Tropical,Acacia_parramattensis,NA,0.02493604997830817,0.006258217189034932,0.01267016968037021,0.03720193027624613
-6.442885771543089,Tropical,Acacia_parramattensis,NA,0.02486618301332654,0.006265970265331962,0.012585106965077012,0.03714725906157607
-6.232464929859724,Tropical,Acacia_parramattensis,NA,0.02479489780235136,0.006273022612938293,0.012499999406786965,0.037089796197915754
-6.022044088176358,Tropical,Acacia_parramattensis,NA,0.024722207340460312,0.006279374178684377,0.012414860104788154,0.03702955457613247
-5.811623246492985,Tropical,Acacia_parramattensis,NA,0.024648124856107047,0.006285025122490874,0.012329701974095495,0.036966547738118596
-5.601202404809619,Tropical,Acacia_parramattensis,NA,0.02457266380728684,0.006289975815787001,0.012244537744716375,0.0369007898698573
-5.390781563126254,Tropical,Acacia_parramattensis,NA,0.02449583787764062,0.006294226839881782,0.012159379960946971,0.036832295794334266
-5.180360721442888,Tropical,Acacia_parramattensis,NA,0.02441766097249862,0.006297778984287812,0.012074240980701268,0.03676108096429597
-4.969939879759522,Tropical,Acacia_parramattensis,NA,0.02433814721486498,0.006300633244997247,0.011989132974874648,0.036687161454855316
-4.7595190380761565,Tropical,Acacia_parramattensis,NA,0.024257310941345207,0.006302790822709964,0.011904067926744102,0.03661055395594631
-4.549098196392791,Tropical,Acacia_parramattensis,NA,0.02417516669801743,0.006304253121013628,0.01181905763140649,0.03653127576462837
-4.338677354709418,Tropical,Acacia_parramattensis,NA,0.024091729236249432,0.006305021744515701,0.01173411369525676,0.036449344777242106
-4.128256513026052,Tropical,Acacia_parramattensis,NA,0.0240070135084628,0.006305098496927342,0.011649247535507584,0.036364779481418016
-3.9178356713426865,Tropical,Acacia_parramattensis,NA,0.02392103466384577,0.00630448537909931,0.011564470379751775,0.03627759894793976
-3.707414829659321,Tropical,Acacia_parramattensis,NA,0.023833808044016358,0.006303184587009923,0.011479793265568937,0.03618782282246378
-3.496993987975955,Tropical,Acacia_parramattensis,NA,0.023745349178637427,0.006301198509705283,0.011395227040177612,0.03609547131709724
-3.2865731462925893,Tropical,Acacia_parramattensis,NA,0.023655673780985202,0.00629852972719199,0.011310782360134011,0.03600056520183639
-3.0761523046092236,Tropical,Acacia_parramattensis,NA,0.02356479774347304,0.006295181008282621,0.011226469691078562,0.03590312579586752
-2.865731462925851,Tropical,Acacia_parramattensis,NA,0.023472737133131926,0.006291155308394294,0.011142299307531136,0.03580317495873272
-2.655310621242485,Tropical,Acacia_parramattensis,NA,0.02337950818704954,0.00628645576730072,0.011058281292736019,0.03570073508136306
-2.4448897795591193,Tropical,Acacia_parramattensis,NA,0.023285127307769396,0.006281085706838124,0.010974425538557367,0.035595829076981424
-2.2344689378757536,Tropical,Acacia_parramattensis,NA,0.023189611058651898,0.006275048628565558,0.010890741745425947,0.03548848037187785
-2.024048096192388,Tropical,Acacia_parramattensis,NA,0.02309297615919905,0.006268348211380134,0.010807239422337925,0.03537871289606018
-1.8136272545090222,Tropical,Acacia_parramattensis,NA,0.02299523948034442,0.0062609883090876724,0.010723927886906254,0.035266551073782584
-1.6032064128256565,Tropical,Acacia_parramattensis,NA,0.022896418039710174,0.006252972947929442,0.01064081626546522,0.03515201981395513
-1.3927855711422907,Tropical,Acacia_parramattensis,NA,0.022796528996832908,0.006244306324065634,0.010557913493228571,0.035035144500437244
-1.182364729458918,Tropical,Acacia_parramattensis,NA,0.02269558964836025,0.006234992801016243,0.010475228314501905,0.03491595098221859
-0.9719438877755522,Tropical,Acacia_parramattensis,NA,0.022593617423219532,0.006225036907060062,0.010392769282949202,0.03479446556348986
-0.7615230460921865,Tropical,Acacia_parramattensis,NA,0.022490629877760893,0.006214443332592653,0.010310544761914228,0.03467071499360756
-0.5511022044088207,Tropical,Acacia_parramattensis,NA,0.022386644690876156,0.006203216927443996,0.010228562924796713,0.034544726456955596
-0.340681362725455,Tropical,Acacia_parramattensis,NA,0.02228167965909561,0.006191362698156738,0.010146831755483672,0.03441652756270755
-0.1302605210420893,Tropical,Acacia_parramattensis,NA,0.022175752691664222,0.006178885805225859,0.01006535904883577,0.03428614633449267
0.08016032064127643,Tropical,Acacia_parramattensis,NA,0.022068881805599367,0.006165791560300749,0.009984152411228877,0.03415361119996986
0.29058116232464926,Tropical,Acacia_parramattensis,NA,0.02196108512073173,0.006152085423350568,0.009903219261150767,0.03401895098031269
0.501002004008015,Tropical,Acacia_parramattensis,NA,0.021852380854731207,0.006137772999793891,0.009822566829852816,0.0338821948796096
0.7114228456913807,Tropical,Acacia_parramattensis,NA,0.021742787318119867,0.006122860037593686,0.009742202162056684,0.03374337247418305
0.9218436873747464,Tropical,Acacia_parramattensis,NA,0.02163232290927335,0.006107352424318589,0.009662132116715532,0.03360251370183117
1.1322645290581121,Tropical,Acacia_parramattensis,NA,0.021521006109413193,0.006091256184171659,0.009582363367829866,0.03345964885099652
1.3426853707414779,Tropical,Acacia_parramattensis,NA,0.02140885547759133,0.006074577474987575,0.009502902405317424,0.03331480854986523
1.5531062124248436,Tropical,Acacia_parramattensis,NA,0.021295889645668885,0.006057322585199493,0.009423755535936827,0.03316802375540094
1.7635270541082164,Tropical,Acacia_parramattensis,NA,0.02118212731329115,0.006039497930776684,0.00934492888426467,0.033019325742317626
1.9739478957915821,Tropical,Acacia_parramattensis,NA,0.021067587242860456,0.0060211100521341135,0.009266428393725509,0.0328687460919954
2.184368737474948,Tropical,Acacia_parramattensis,NA,0.02095228825450888,0.006002165611015184,0.009188259827674274,0.032716316681343484
2.3947895791583136,Tropical,Acacia_parramattensis,NA,0.020836249221072495,0.005982671387348821,0.00911042877053053,0.03256206967161446
2.6052104208416793,Tropical,Acacia_parramattensis,NA,0.020719489063069266,0.005962634276082204,0.009032940628964092,0.03240603749717444
2.815631262525045,Tropical,Acacia_parramattensis,NA,0.02060202674368209,0.005942061283990326,0.008955800633131224,0.03224825285423295
3.0260521042084108,Tropical,Acacia_parramattensis,NA,0.020483881263749063,0.005920959526463724,0.008879013837960834,0.03208874868953729
3.2364729458917836,Tropical,Acacia_parramattensis,NA,0.020365071656762664,0.005899336224275635,0.008802585124489915,0.031927558189035414
3.4468937875751493,Tropical,Acacia_parramattensis,NA,0.020245616983879722,0.00587719870032992,0.008726519201247467,0.03176471476651198
3.657314629258515,Tropical,Acacia_parramattensis,NA,0.02012553632894403,0.005854554376391079,0.008650820605686163,0.0316002520522019
3.8677354709418807,Tropical,Acacia_parramattensis,NA,0.020004848793523218,0.005831410769797672,0.008575493705660792,0.031434203881385646
4.0781563126252465,Tropical,Acacia_parramattensis,NA,0.019883573491961962,0.005807775490160582,0.008500542700952766,0.03126660428297116
4.288577154308612,Tropical,Acacia_parramattensis,NA,0.019761729546452923,0.005783656236047348,0.008425971624839634,0.03109748746806621
4.498997995991978,Tropical,Acacia_parramattensis,NA,0.019639336082127715,0.005759060791654165,0.008351784345708822,0.030926887818546606
4.709418837675351,Tropical,Acacia_parramattensis,NA,0.019516412222169065,0.0057339970234667,0.008277984568714463,0.030754839875623666
4.9198396793587165,Tropical,Acacia_parramattensis,NA,0.019392977082946353,0.005708472876911316,0.008204575837476427,0.03058137832841628
5.130260521042082,Tropical,Acacia_parramattensis,NA,0.019269049769176098,0.005682496372998045,0.008131561535820446,0.03040653800253175
5.340681362725448,Tropical,Acacia_parramattensis,NA,0.019144649369109056,0.005656075604956681,0.008058944889558365,0.030230353848659748
5.551102204408814,Tropical,Acacia_parramattensis,NA,0.019019794949745747,0.005629218734867525,0.007986728968307271,0.03005286093118422
5.761523046092179,Tropical,Acacia_parramattensis,NA,0.018894505552082046,0.005601933990288116,0.007914916687346587,0.029874094416817504
5.971943887775545,Tropical,Acacia_parramattensis,NA,0.018768800186386377,0.0055742296608774005,0.007843510809511756,0.029694089563261
6.182364729458918,Tropical,Acacia_parramattensis,NA,0.018642697827510518,0.0055461140950188725,0.007772513947123576,0.02951288170789746
6.392785571142284,Tropical,Acacia_parramattensis,NA,0.018516217410235146,0.005517595696443941,0.007701928563951828,0.029330506256518465
6.603206412825649,Tropical,Acacia_parramattensis,NA,0.018389377824652185,0.0054886829208571465,0.007631756977212073,0.0291469986720923
6.813627254509015,Tropical,Acacia_parramattensis,NA,0.018262197911585263,0.005459384272564556,0.007562001359594334,0.028962394463576194
7.024048096192381,Tropical,Acacia_parramattensis,NA,0.018134696458050003,0.005429708301106806,0.007492663741322502,0.028776729174777506
7.2344689378757465,Tropical,Acacia_parramattensis,NA,0.018006892192755565,0.005399663597898237,0.007423746012243056,0.028590038373268074
7.444889779559112,Tropical,Acacia_parramattensis,NA,0.017878803781649143,0.0053692587928735516,0.00735524992394198,0.028402357639356307
7.655310621242485,Tropical,Acacia_parramattensis,NA,0.017750449823504606,0.005338502551143382,0.007287177091888381,0.02821372255512083
7.865731462925851,Tropical,Acacia_parramattensis,NA,0.017621848845557318,0.005307403569660304,0.0072195289976038045,0.02802416869351083
8.076152304609217,Tropical,Acacia_parramattensis,NA,0.01749301929918581,0.00527597057389654,0.007152306990855475,0.027833731607516145
8.286573146292582,Tropical,Acacia_parramattensis,NA,0.01736397955564248,0.005244212314534931,0.007085512291872582,0.02764244681941238
8.496993987975948,Tropical,Acacia_parramattensis,NA,0.017234747901834248,0.005212137564174463,0.007019145993583978,0.02745034981008452
8.707414829659314,Tropical,Acacia_parramattensis,NA,0.017105342536154713,0.005179755114051808,0.006953209063876012,0.027257476008433416
8.91783567134268,Tropical,Acacia_parramattensis,NA,0.0169757815643691,0.005147073770780196,0.0068877023478691474,0.027063860780869052
9.128256513026052,Tropical,Acacia_parramattensis,NA,0.016846082995553437,0.005114102353107081,0.006822626570212018,0.026869539420894855
9.338677354709418,Tropical,Acacia_parramattensis,NA,0.016716264738089036,0.005080849688691837,0.006757982337391492,0.02667454713878658
9.549098196392784,Tropical,Acacia_parramattensis,NA,0.016586344595713773,0.00504732461090495,0.006693770140057433,0.026478919051370113
9.75951903807615,Tropical,Acacia_parramattensis,NA,0.016456340263631096,0.005013535955649923,0.006629990355360648,0.026282690171901546
9.969939879759515,Tropical,Acacia_parramattensis,NA,0.01632626932467839,0.0049794925582093315,0.006566643249302883,0.026085895400053898
10.18036072144288,Tropical,Acacia_parramattensis,NA,0.016196149245555416,0.004945203250116207,0.006503728979097232,0.0258885695120136
10.390781563126247,Tropical,Acacia_parramattensis,NA,0.01606599737311416,0.004910676856052082,0.006441247595537698,0.02569074715069062
10.601202404809612,Tropical,Acacia_parramattensis,NA,0.01593583093071129,0.0048759221907730054,0.006379199045376564,0.025492462816046016
10.811623246492985,Tropical,Acacia_parramattensis,NA,0.015805667014624117,0.0048409480560647,0.006317583173708121,0.025293750855540115
11.02204408817635,Tropical,Acacia_parramattensis,NA,0.01567552259053112,0.004805763237728106,0.006256399726357435,0.025094645454704807
11.232464929859717,Tropical,Acacia_parramattensis,NA,0.015545414490058175,0.004770376502596559,0.0061956483522727784,0.02489518062784357
11.442885771543082,Tropical,Acacia_parramattensis,NA,0.015415359407391188,0.004734796595585716,0.0061353286059203285,0.02469539020886205
11.653306613226448,Tropical,Acacia_parramattensis,NA,0.015285373895956408,0.004699032236777455,0.006075439949679906,0.02449530784223291
11.863727454909814,Tropical,Acacia_parramattensis,NA,0.015155474365168993,0.004663092118538846,0.006015981756240275,0.02429496697409771
12.07414829659318,Tropical,Acacia_parramattensis,NA,0.015025677077250903,0.004626984902677345,0.005956953310992741,0.024094400843509063
12.284569138276552,Tropical,Acacia_parramattensis,NA,0.014895998144118777,0.004590719217633226,0.005898353814421761,0.023893642473815792
12.494989979959918,Tropical,Acacia_parramattensis,NA,0.014766453524342745,0.004554303655710429,0.0058401823844912,0.023692724664194288
12.705410821643284,Tropical,Acacia_parramattensis,NA,0.014637059020176826,0.004517746770346767,0.005782438059025018,0.023491679981328634
12.91583166332665,Tropical,Acacia_parramattensis,NA,0.014507830274661616,0.004481057073424558,0.005725119798081027,0.023290540751242206
13.126252505010015,Tropical,Acacia_parramattensis,NA,0.014378782768799968,0.0044442430326226395,0.005668226486316527,0.02308933905128341
13.336673346693381,Tropical,Acacia_parramattensis,NA,0.01424993181880636,0.004407313068810756,0.0056117569353445786,0.02288810670226814
13.547094188376747,Tropical,Acacia_parramattensis,NA,0.01412129257343044,0.004370275553487222,0.0055557098860796374,0.022686875260781246
13.75751503006012,Tropical,Acacia_parramattensis,NA,0.013992880011355341,0.004333138806260767,0.005500084011071358,0.022485676011639325
13.967935871743485,Tropical,Acacia_parramattensis,NA,0.01386470893867139,0.004295911092377446,0.005444877916825476,0.022284539960517304
14.178356713426851,Tropical,Acacia_parramattensis,NA,0.01373679398642554,0.004258600620293455,0.005390090146110436,0.022083497826740645
14.388777555110224,Tropical,Acacia_parramattensis,NA,0.013609149608247075,0.0042212155392946475,0.005335719180248747,0.0218825800362454
14.599198396793582,Tropical,Acacia_parramattensis,NA,0.013481790078050018,0.004183763937163564,0.005281763441391937,0.021681816714708098
14.809619238476955,Tropical,Acacia_parramattensis,NA,0.013354729487812474,0.004146253837894683,0.005228221294777921,0.021481237680847025
15.020040080160314,Tropical,Acacia_parramattensis,NA,0.01322798174543347,0.004108693199458673,0.005175091050969829,0.02128087243989711
15.230460921843687,Tropical,Acacia_parramattensis,NA,0.013101560572667224,0.0040710899116162295,0.005122370968075064,0.021080750177259383
15.440881763527045,Tropical,Acacia_parramattensis,NA,0.012975479503135596,0.00403345179378229,0.005070059253943831,0.02088089975232736
15.651302605210418,Tropical,Acacia_parramattensis,NA,0.012849751880418477,0.003995786592941119,0.005018154068345876,0.02068134969249108
15.86172344689379,Tropical,Acacia_parramattensis,NA,0.012724390856222477,0.0039581019816129145,0.004966653525124547,0.020482128187320408
16.07214428857715,Tropical,Acacia_parramattensis,NA,0.012599409388628208,0.003920405555872506,0.004915555694327368,0.02028326308292905
16.282565130260522,Tropical,Acacia_parramattensis,NA,0.012474820240415902,0.003882704833420594,0.004864858604311949,0.020084781876519853
16.49298597194388,Tropical,Acacia_parramattensis,NA,0.01235063597746985,0.0038450072517081154,0.0048145602438266115,0.01988671171111309
16.703406813627254,Tropical,Acacia_parramattensis,NA,0.012226868967261268,0.003807320166114087,0.004764658564064604,0.019689079370457933
16.913827655310612,Tropical,Acacia_parramattensis,NA,0.012103531377409956,0.0037696508481774287,0.00471515148069133,0.01949191127412858
17.124248496993985,Tropical,Acacia_parramattensis,NA,0.011980635174324404,0.003732006483883101,0.004666036875843565,0.01929523347280524
17.334669338677344,Tropical,Acacia_parramattensis,NA,0.011858192121920472,0.0036943941720029316,0.004617312600100054,0.01909907164374089
17.545090180360717,Tropical,Acacia_parramattensis,NA,0.011736213780418388,0.00365682092249144,0.004568976474422631,0.018903451086414145
17.75551102204409,Tropical,Acacia_parramattensis,NA,0.011614711505217921,0.00361929365493693,0.004521026292067201,0.01870839671836864
17.965931863727448,Tropical,Acacia_parramattensis,NA,0.011493696445851645,0.003581819197068128,0.0044734598204639415,0.018513933071239348
18.17635270541082,Tropical,Acacia_parramattensis,NA,0.011373179545015844,0.0035444042833165344,0.004426274803065936,0.01832008428696575
18.38677354709418,Tropical,Acacia_parramattensis,NA,0.011253171537679098,0.003507055553434736,0.00437946896116583,0.018126874114192365
18.597194388777552,Tropical,Acacia_parramattensis,NA,0.01113368295026788,0.003469779551170731,0.004333039995679695,0.017934325904856066
18.80761523046091,Tropical,Acacia_parramattensis,NA,0.011014724099929166,0.00343258272299847,0.004286985588897737,0.017742462610960595
19.018036072144284,Tropical,Acacia_parramattensis,NA,0.010896305093869465,0.003395471416904624,0.004241303406201217,0.017551306781537712
19.228456913827657,Tropical,Acacia_parramattensis,NA,0.010778435828769932,0.003358451881231648,0.004195991097745112,0.017360880559794754
19.438877755511015,Tropical,Acacia_parramattensis,NA,0.01066112599027717,0.0033215302635771645,0.004151046300106096,0.017171205680448245
19.649298597194388,Tropical,Acacia_parramattensis,NA,0.010544385052569135,0.003284712609749589,0.004106466637895372,0.016982303467242898
19.859719438877747,Tropical,Acacia_parramattensis,NA,0.010428222277995803,0.0032480048627800263,0.004062249725335992,0.016794194830655612
20.07014028056112,Tropical,Acacia_parramattensis,NA,0.010312646716793826,0.003211412861990231,0.004018393167804276,0.016606900265783375
20.280561122244478,Tropical,Acacia_parramattensis,NA,0.010197667206874941,0.0031749423421166567,0.003974894563335049,0.016420439850414834
20.49098196392785,Tropical,Acacia_parramattensis,NA,0.010083292373687148,0.003138598932490277,0.003931751504090346,0.01623483324328395
20.701402805611224,Tropical,Acacia_parramattensis,NA,0.009969530630148325,0.003102388156272134,0.0038889615777913233,0.016050099682505328
20.911823647294582,Tropical,Acacia_parramattensis,NA,0.009856390176651535,0.003066315429744304,0.0038465223691132424,0.01586625798418983
21.122244488977955,Tropical,Acacia_parramattensis,NA,0.009743879001141202,0.0030303860616560604,0.0038044314610431494,0.015683326541239256
21.332665330661314,Tropical,Acacia_parramattensis,NA,0.009632004879259698,0.0029946052526249813,0.0037626864362002655,0.01550132332231913
21.543086172344687,Tropical,Acacia_parramattensis,NA,0.009520775374563289,0.0029589780945926225,0.0037212848781187965,0.015320265871007781
21.753507014028045,Tropical,Acacia_parramattensis,NA,0.009410197838807048,0.0029235095703345282,0.0036802243724932066,0.015140171305120891
21.963927855711418,Tropical,Acacia_parramattensis,NA,0.009300279412297474,0.002888204553024057,0.003639502508385719,0.01496105631620923
22.17434869739479,Tropical,Acacia_parramattensis,NA,0.009191027024312388,0.0028530678058497766,0.0035991168793961118,0.014782937169228665
22.38476953907815,Tropical,Acacia_parramattensis,NA,0.009082447393587137,0.0028181039816859263,0.003559065084793799,0.014605829702380476
22.595190380761522,Tropical,Acacia_parramattensis,NA,0.008974547028866034,0.002783317622815461,0.003519344730612093,0.014429749327119976
22.80561122244488,Tropical,Acacia_parramattensis,NA,0.008867332229518512,0.0027487131607053118,0.0034799534307048442,0.01425471102833218
23.016032064128254,Tropical,Acacia_parramattensis,NA,0.00876080908621869,0.002714294915833212,0.0034408888077654175,0.014080729364671963
23.226452905811612,Tropical,Acacia_parramattensis,NA,0.008654983481687703,0.0026800670975656873,0.0034021484943081628,0.013907818469067244
23.436873747494985,Tropical,Acacia_parramattensis,NA,0.008549861091497649,0.002646033804086554,0.0033637301336124905,0.013735992049382806
23.647294589178358,Tropical,Acacia_parramattensis,NA,0.00844544738493625,0.0026121990223754153,0.003325631380629698,0.013565263389242802
23.857715430861717,Tropical,Acacia_parramattensis,NA,0.008341747625931269,0.0025785666282355114,0.0032878499028527845,0.013395645349009753
24.06813627254509,Tropical,Acacia_parramattensis,NA,0.008238766874033437,0.0025451403863702747,0.003250383381149342,0.013227150366917533
24.278557114228448,Tropical,Acacia_parramattensis,NA,0.008136509985457193,0.002511923950508016,0.00321322951055791,0.013059790460356477
24.48897795591182,Tropical,Acacia_parramattensis,NA,0.008034981614177884,0.0024789208635739813,0.003176386001047953,0.012893577227307815
24.69939879759518,Tropical,Acacia_parramattensis,NA,0.007934186213084518,0.0024461345579091555,0.0031398505782437676,0.012728521847925268
24.909819639278552,Tropical,Acacia_parramattensis,NA,0.007834128035186795,0.002413568355535014,0.0031036209841126053,0.012564635086260986
25.120240480961925,Tropical,Acacia_parramattensis,NA,0.007734811134875687,0.002381225468463634,0.003067694977617447,0.012401927292133928
25.330661322645284,Tropical,Acacia_parramattensis,NA,0.007636239369235903,0.0023491089990522202,0.0030320703353346164,0.012240408403137188
25.541082164328657,Tropical,Acacia_parramattensis,NA,0.0075384163994095576,0.002317221940401437,0.0029967448520367233,0.012080087946782392
25.751503006012015,Tropical,Acacia_parramattensis,NA,0.007441345692009754,0.0022855671767966945,0.002961716341241343,0.011920975042778163
25.961923847695388,Tropical,Acacia_parramattensis,NA,0.007345030520582788,0.0022541474841915586,0.0029269826357257627,0.011763078405439813
26.172344689378747,Tropical,Acacia_parramattensis,NA,0.007249473967118029,0.002222965530732527,0.0028925415880083107,0.011606406346227748
26.38276553106212,Tropical,Acacia_parramattensis,NA,0.0071546789236040746,0.0021920238773242688,0.002858391070796663,0.011450966776411487
26.593186372745492,Tropical,Acacia_parramattensis,NA,0.007060648093630213,0.002161324978234552,0.002824528977403676,0.01129676720985675
26.80360721442885,Tropical,Acacia_parramattensis,NA,0.006967383994031814,0.002130871181737931,0.0027909532221311664,0.011143814765932462
27.014028056112224,Tropical,Acacia_parramattensis,NA,0.006874888956578456,0.0021006647307973358,0.002757661740622151,0.01099211617253476
27.224448897795583,Tropical,Acacia_parramattensis,NA,0.00678316512970377,0.002070707763782725,0.0027246524901821563,0.010841677769225384
27.434869739478955,Tropical,Acacia_parramattensis,NA,0.006692214480275514,0.002041002315225829,0.0026919234500700235,0.010692505510481004
27.645290581162314,Tropical,Acacia_parramattensis,NA,0.00660203879540482,0.0020115503166101265,0.0026594726217588306,0.010544604969050811
27.855711422845687,Tropical,Acacia_parramattensis,NA,0.006512639684293327,0.00198235359719512,0.002627298029167471,0.010397981339419183
28.06613226452906,Tropical,Acacia_parramattensis,NA,0.006424018580117006,0.001953413884873987,0.00259539771886352,0.010252639441370491
28.27655310621242,Tropical,Acacia_parramattensis,NA,0.006336176741945386,0.001924732807063679,0.0025637697602378952,0.010108583723652876
28.48697394789579,Tropical,Acacia_parramattensis,NA,0.006249115256694948,0.0018963118916265008,0.002532412245651985,0.009965818267737911
28.69739478957915,Tropical,Acacia_parramattensis,NA,0.006162835041115533,0.001868152567822276,0.0025013232905578523,0.009824346791673214
28.907815631262523,Tropical,Acacia_parramattensis,NA,0.006077336843808345,0.0018402561672900741,0.002470501033592084,0.009684172654024607
29.11823647294588,Tropical,Acacia_parramattensis,NA,0.005992621247274535,0.0018126239250586247,0.0024399436366440014,0.009545298857905069
29.328657314629254,Tropical,Acacia_parramattensis,NA,0.005908688669992916,0.0017852569805843783,0.0024096492848988127,0.009407728055087019
29.539078156312627,Tropical,Acacia_parramattensis,NA,0.005825539368525676,0.0017581563788163135,0.0023796161868563427,0.00927146255019501
29.749498997995985,Tropical,Acacia_parramattensis,NA,0.005743173439650861,0.0017313230712864792,0.0023498425743260897,0.009136504304975632
29.95991983967936,Tropical,Acacia_parramattensis,NA,0.0056615908225203055,0.0017047579172253292,0.0023203267023991464,0.009002854942641464
30.170340681362717,Tropical,Acacia_parramattensis,NA,0.005580791300841897,0.0016784616847008813,0.002291066849397747,0.008870515752286048
30.38076152304609,Tropical,Acacia_parramattensis,NA,0.005500774505084812,0.0016524350517807041,0.002262061316803053,0.00873948769336657
30.59118236472945,Tropical,Acacia_parramattensis,NA,0.005421539914706636,0.0016266786077158107,0.002233308429161889,0.008609771400251383
30.80160320641282,Tropical,Acacia_parramattensis,NA,0.005343086860401054,0.001601192854145443,0.0022048065339730907,0.008481367186829018
31.012024048096194,Tropical,Acacia_parramattensis,NA,0.005265414526364904,0.0015759782063218158,0.0021765540015541117,0.008354275051175697
31.222444889779553,Tropical,Acacia_parramattensis,NA,0.005188521952583465,0.0015510349943538419,0.0021485492248886494,0.008228494680278281
31.432865731462925,Tropical,Acacia_parramattensis,NA,0.00511240803713269,0.001526363464468896,0.002120790619455872,0.008104025454809507
31.643286573146284,Tropical,Acacia_parramattensis,NA,0.005037071538497244,0.001501963780291639,0.0020932766230420015,0.007980866453952486
31.853707414829657,Tropical,Acacia_parramattensis,NA,0.0049625110779031485,0.0014778360241389742,0.0020660056955348937,0.007859016460271404
32.064128256513015,Tropical,Acacia_parramattensis,NA,0.004888725141663894,0.0014539801983301896,0.0020389763187023185,0.00773847396462547
32.27454909819639,Tropical,Acacia_parramattensis,NA,0.004815712083538757,0.0014303962265113251,0.0020121869959545636,0.007619237171122951
32.48496993987976,Tropical,Acacia_parramattensis,NA,0.004743470127102346,0.0014070839549928788,0.0019856362520921256,0.007501304002112566
32.69539078156312,Tropical,Acacia_parramattensis,NA,0.004671997368124064,0.0013840431540998873,0.0019593226330390655,0.007384672103209063
32.90581162324649,Tropical,Acacia_parramattensis,NA,0.004601291776956375,0.001361273519533458,0.0019332447055627157,0.007269338848350034
33.11623246492985,Tropical,Acacia_parramattensis,NA,0.004531351200930919,0.0013387746737429107,0.0019074010569804533,0.007155301344881385
33.326653306613224,Tropical,Acacia_parramattensis,NA,0.004462173366761171,0.0013165461673075507,0.0018817902948541276,0.007042556438668214
33.53707414829658,Tropical,Acacia_parramattensis,NA,0.004393755882950645,0.0012945874803272361,0.0018564110466728068,0.006931100719228483
33.747494989979955,Tropical,Acacia_parramattensis,NA,0.004326096242205545,0.0012728980238208374,0.0018312619595244966,0.006820930524886594
33.95791583166333,Tropical,Acacia_parramattensis,NA,0.004259191823850832,0.0012514771411317417,0.0018063416997574685,0.0067120419479441955
34.16833667334669,Tropical,Acacia_parramattensis,NA,0.004193039896248601,0.001230324109339528,0.0017816489526318075,0.006604430839865396
34.37875751503006,Tropical,Acacia_parramattensis,NA,0.004127637619217693,0.001209438140676956,0.0017571824219617723,0.006498092816473613
34.58917835671342,Tropical,Acacia_parramattensis,NA,0.004062982046453692,0.0011888183839514907,0.001732940829749661,0.006393023263157723
34.79959919839679,Tropical,Acacia_parramattensis,NA,0.003999070127948081,0.0011684639259704746,0.001708922915811676,0.006289217340084486
35.01002004008015,Tropical,Acacia_parramattensis,NA,0.003935898712405705,0.0011483737929691884,0.0016851274373964396,0.00618666998741497
35.22044088176352,Tropical,Acacia_parramattensis,NA,0.0038734645496595064,0.0011285469520409806,0.0016615531687967332,0.0060853759305222795
35.430861723446895,Tropical,Acacia_parramattensis,NA,0.003811764293081629,0.001108982312568712,0.0016381989009550133,0.0059853296852082445
35.641282565130254,Tropical,Acacia_parramattensis,NA,0.0037507945019898507,0.0010896787276567178,0.001615063441063254,0.005886525562916448
35.85170340681363,Tropical,Acacia_parramattensis,NA,0.003690551644048494,0.0010706349955625577,0.0015921456121576806,0.005788957675939307
36.062124248496986,Tropical,Acacia_parramattensis,NA,0.003631032097662917,0.0010518498611278278,0.0015694442527089177,0.005692619942616916
36.27254509018036,Tropical,Acacia_parramattensis,NA,0.0035722321543665944,0.0010333220172072746,0.0015469582162080586,0.00559750609252513
36.48296593186372,Tropical,Acacia_parramattensis,NA,0.003514148021200044,0.001015050106095557,0.0015246863707491917,0.005503609671650896
36.69338677354709,Tropical,Acacia_parramattensis,NA,0.0034567758230806245,9.970327209509265e-4,0.0015026275986088351,0.005410924047552414
36.90380761523046,Tropical,Acacia_parramattensis,NA,0.0034001116051624353,9.79268407215169e-4,0.0014807807958228008,0.00531944241450207
37.11422845691382,Tropical,Acacia_parramattensis,NA,0.003344151335185496,9.617556640291607e-4,0.0014591448717609374,0.005229157798610055
37.324649298597194,Tropical,Acacia_parramattensis,NA,0.003288890905813347,9.444929456433749e-4,0.0014377187487001858,0.005140063062926508
37.53507014028055,Tropical,Acacia_parramattensis,NA,0.003234326136958365,9.274786628227419e-4,0.0014165013613964227,0.005052150912520307
37.745490981963925,Tropical,Acacia_parramattensis,NA,0.0031804527780939563,9.107111842452321e-4,0.0013954916566554804,0.004965413899532432
37.955911823647284,Tropical,Acacia_parramattensis,NA,0.0031272665105529594,8.941888378936003e-4,0.0013746885929037784,0.00487984442820214
38.16633266533066,Tropical,Acacia_parramattensis,NA,0.0030747629498114387,8.779099124396897e-4,0.0013540911397589349,0.004795434759863942
38.37675350701403,Tropical,Acacia_parramattensis,NA,0.0030229376477572483,8.618726586207635e-4,0.0013336982776007674,0.004712177017913729
38.58717434869739,Tropical,Acacia_parramattensis,NA,0.0029717860949426147,8.460752906073177e-4,0.0013135089971430126,0.0046300631927422165
38.79759519038076,Tropical,Acacia_parramattensis,NA,0.002921303722820113,8.30515987361859e-4,0.001293522299006147,0.004549085146634079
39.00801603206412,Tropical,Acacia_parramattensis,NA,0.0028714859059613585,8.151928939881456e-4,0.001273737193291615,0.004469234618631102
39.21843687374749,Tropical,Acacia_parramattensis,NA,0.0028223279642577777,8.001041230703972e-4,0.0012541526991577965,0.004390503229357759
39.42885771543085,Tropical,Acacia_parramattensis,NA,0.0027738251651029324,7.85247756002042e-4,0.0012347678443980342,0.00431288248580783
39.639278557114224,Tropical,Acacia_parramattensis,NA,0.002725972725555625,7.706218443034898e-4,0.001215581665020952,0.004236363786090298
39.8496993987976,Tropical,Acacia_parramattensis,NA,0.0026787658144834356,7.562244109285735e-4,0.0011965932048334138,0.004160938424133457
40.060120240480956,Tropical,Acacia_parramattensis,NA,0.002632199554685976,7.420534515591891e-4,0.001177801515026328,0.004086597594345624
40.27054108216433,Tropical,Acacia_parramattensis,NA,0.002586269024997372,7.281069358877617e-4,0.0011592056537635454,0.0040133323962311986
40.48096192384769,Tropical,Acacia_parramattensis,NA,0.002540969262367522,7.143828088871664e-4,0.0011408046857741157,0.003941133838960928
40.69138276553106,Tropical,Acacia_parramattensis,NA,0.0024962952639215226,7.008789920677151e-4,0.001122597681948067,0.0038699928458949782
40.90180360721442,Tropical,Acacia_parramattensis,NA,0.0024522419889969178,6.875933847209027e-4,0.0011045837189359552,0.0037999002590578803
41.11222444889779,Tropical,Acacia_parramattensis,NA,0.0024088043611581933,6.745238651495472e-4,0.001086761878752329,0.0037308468435640575
41.322645290581164,Tropical,Acacia_parramattensis,NA,0.0023659772701881796,6.616682918840434e-4,0.0010691312483833185,0.003662823291993041
41.53306613226452,Tropical,Acacia_parramattensis,NA,0.002323755574055888,6.490245048844191e-4,0.0010516909193984867,0.0035958202287132896
41.743486973947896,Tropical,Acacia_parramattensis,NA,0.002282134100860398,6.365903267279211e-4,0.0010344399875670872,0.003529828214153709
41.953907815631254,Tropical,Acacia_parramattensis,NA,0.0022411076507504314,6.243635637818701e-4,0.0010173775524788893,0.0034648377490219735
42.16432865731463,Tropical,Acacia_parramattensis,NA,0.002200670997819224,6.123420073615368e-4,0.0010005027171696515,0.0034008392784687968
42.374749498997986,Tropical,Acacia_parramattensis,NA,0.0021608188919743964,6.005234348728121e-4,9.838145877514002e-4,0.0033378231961973927
42.58517034068136,Tropical,Acacia_parramattensis,NA,0.0021215460607824314,5.889056109394436e-4,9.673122730475649e-4,0.0032757798485172976
42.79559118236473,Tropical,Acacia_parramattensis,NA,0.002082847211287565,5.774862885146637e-4,9.509948842331176e-4,0.003214699538342012
43.00601202404809,Tropical,Acacia_parramattensis,NA,0.002044717031804676,5.662632099769898e-4,9.348615344797338e-4,0.0031545725291296177
43.21643286573146,Tropical,Acacia_parramattensis,NA,0.0020071501936859758,5.552341082100417e-4,9.189113386060793e-4,0.003095389048765872
43.42685370741482,Tropical,Acacia_parramattensis,NA,0.0019701413530612954,5.443967076662308e-4,9.03143412733303e-4,0.003037139293389288
43.637274549098194,Tropical,Acacia_parramattensis,NA,0.0019336851525516038,5.337487254141374e-4,8.875568739457362e-4,0.0029798134311574713
43.84769539078155,Tropical,Acacia_parramattensis,NA,0.0018977762229556764,5.232878721694821e-4,8.721508399568919e-4,0.002923401605954461
44.058116232464926,Tropical,Acacia_parramattensis,NA,0.0018624091849096219,5.130118533095391e-4,8.569244287807802e-4,0.0028678939410384636
44.2685370741483,Tropical,Acacia_parramattensis,NA,0.0018275786505191618,5.029183698709061e-4,8.418767584085921e-4,0.0028132805426297315
44.47895791583166,Tropical,Acacia_parramattensis,NA,0.0017932792249644206,4.930051195305133e-4,8.270069464907503e-4,0.002759551503438091
44.68937875751503,Tropical,Acacia_parramattensis,NA,0.001759505508077137,4.832697975697887e-4,8.123141100243889e-4,0.0027066969061298853
44.89979959919839,Tropical,Acacia_parramattensis,NA,0.0017262520958901434,4.737100978219086e-4,7.977973650462569e-4,0.00265470682673403
45.11022044088176,Tropical,Acacia_parramattensis,NA,0.0016935135821590085,4.6432371360205786e-4,7.834558263310845e-4,0.0026035713379869325
45.32064128256512,Tropical,Acacia_parramattensis,NA,0.0016612845598557174,4.5510833862063795e-4,7.692886070954079e-4,0.0025532805126160267
45.53106212424849,Tropical,Acacia_parramattensis,NA,0.0016295596226343322,4.460616678793741e-4,7.552948187068921e-4,0.002503824426561772
45.74148296593185,Tropical,Acacia_parramattensis,NA,0.0015983333662685673,4.3718139855028455e-4,7.414735703991584e-4,0.0024551931621379763
45.951903807615224,Tropical,Acacia_parramattensis,NA,0.0015676003900611803,4.2846523083745505e-4,7.278239689921281e-4,0.0024073768111302326
46.1623246492986,Tropical,Acacia_parramattensis,NA,0.0015373552982252204,4.1991086882161774e-4,7.143451186179267e-4,0.002360365477832514
46.372745490981956,Tropical,Acacia_parramattensis,NA,0.0015075927012370217,4.1151602128748063e-4,7.010361204523416e-4,0.0023141492820217017
46.58316633266533,Tropical,Acacia_parramattensis,NA,0.0014783072171609816,4.0327840253380465e-4,6.878960724518782e-4,0.002268718361870085
46.79358717434869,Tropical,Acacia_parramattensis,NA,0.001449493472946146,3.951957331662195e-4,6.749240690964546e-4,0.0022240628767958375
47.00400801603206,Tropical,Acacia_parramattensis,NA,0.001421146105694555,3.8726574087274946e-4,6.62119201137745e-4,0.002180173010251365
47.21442885771542,Tropical,Acacia_parramattensis,NA,0.0013932597639014382,3.794861611820593e-4,6.494805553532402e-4,0.0021370389724496364
47.42484969939879,Tropical,Acacia_parramattensis,NA,0.0013658291086672749,3.718547382044094e-4,6.370072143060621e-4,0.0020946510030284875
47.635270541082164,Tropical,Acacia_parramattensis,NA,0.001338848814881795,3.6436922535532535e-4,6.246982561105988e-4,0.002052999373652991
47.84569138276552,Tropical,Acacia_parramattensis,NA,0.0013123135723799623,3.5702738606197427e-4,6.125527542040153e-4,0.002012074390555909
48.056112224448896,Tropical,Acacia_parramattensis,NA,0.0012862180870700487,3.4982699445225917e-4,6.005697771237276e-4,0.0019718663970163695
48.266533066132254,Tropical,Acacia_parramattensis,NA,0.0012605570820338865,3.427658360266346e-4,5.887483882909211e-4,0.0019323657757768517
48.47695390781563,Tropical,Acacia_parramattensis,NA,0.0012353252985993855,3.3584170831264256e-4,5.770876458002001e-4,0.0018935629513985707
48.687374749498986,Tropical,Acacia_parramattensis,NA,0.001210517497385465,3.2905242150218285e-4,5.655866022154935e-4,0.0018554483925554365
48.89779559118236,Tropical,Acacia_parramattensis,NA,0.001186128459319498,3.223957990715163e-4,5.542443043723144e-4,0.0018180126142666817
49.10821643286573,Tropical,Acacia_parramattensis,NA,0.0011621529866274226,3.1586967838400905e-4,5.43059793186515e-4,0.0017812461800683303
49.31863727454909,Tropical,Acacia_parramattensis,NA,0.0011385859037966598,3.094719112756206e-4,5.320321034696686e-4,0.001745139704123651
49.52905811623246,Tropical,Acacia_parramattensis,NA,0.001115422058512006,3.032003646231406e-4,5.211602637512383e-4,0.0017096838532727737
49.73947895791582,Tropical,Acacia_parramattensis,NA,0.001092656322564673,2.9705292089518104e-4,5.104432961076925e-4,0.0016748693490216534
49.949899799599194,Tropical,Acacia_parramattensis,NA,0.0010702835927346155,2.910274786859102e-4,4.998802159987334e-4,0.0016406869694704975
50.16032064128255,Tropical,Acacia_parramattensis,NA,0.0010482987916464127,2.85121953231555e-4,4.894700321108514e-4,0.001607127551181974
50.370741482965926,Tropical,Acacia_parramattensis,NA,0.0010266968685987978,2.7933427690964095e-4,4.792117462083632e-4,0.0015741819909892325
50.5811623246493,Tropical,Acacia_parramattensis,NA,0.0010054728003681406,2.7366239972099397e-4,4.6910435299218835e-4,0.0015418412477440928
50.79158316633266,Tropical,Acacia_parramattensis,NA,9.846215919860153e-4,2.6810428975448215e-4,4.5914683996653937e-4,0.0015100963440054912
51.00200400801603,Tropical,Acacia_parramattensis,NA,9.641382774911336e-4,2.626579336345062e-4,4.493381873137899e-4,0.0014789383676684772
51.21242484969939,Tropical,Acacia_parramattensis,NA,9.440179206558357e-4,2.573213369512273e-4,4.3967736777773445e-4,0.0014483584735339367
51.42284569138276,Tropical,Acacia_parramattensis,NA,9.242556156873937e-4,2.520925246735302e-4,4.301633465554997e-4,0.0014183478848192876
51.63326653306612,Tropical,Acacia_parramattensis,NA,9.048464879043676e-4,2.469695415447174e-4,4.207950811983529e-4,0.0013888978946103823
51.84368737474949,Tropical,Acacia_parramattensis,NA,8.857856943882583e-4,2.419504524609283e-4,4.1157152152166847e-4,0.0013599998672548482
52.054108216432866,Tropical,Acacia_parramattensis,NA,8.670684246107263e-4,2.3703334283228125e-4,4.024916095243198e-4,0.0013316452396971328
52.264529058116224,Tropical,Acacia_parramattensis,NA,8.486899010366282e-4,2.3221631892673662e-4,3.935542793177577e-4,0.0013038255227554988
52.4749498997996,Tropical,Acacia_parramattensis,NA,8.306453797031456e-4,2.274975081966789e-4,3.8475845706504935e-4,0.0012765323023412418
52.685370741482956,Tropical,Acacia_parramattensis,NA,8.129301507752855e-4,2.2287505958822306e-4,3.7610306093014995e-4,0.001249757240620421
52.89579158316633,Tropical,Acacia_parramattensis,NA,7.955395390780211e-4,2.1834714383324761e-4,3.675870010376689e-4,0.0012234920771183734
53.10621242484969,Tropical,Acacia_parramattensis,NA,7.78468904605375e-4,2.1391195372416684e-4,3.5920917944340944e-4,0.0011977286297673406
53.31663326653306,Tropical,Acacia_parramattensis,NA,7.617136430067185e-4,2.0956770437145382e-4,3.509684901159319e-4,0.0011724587958975052
53.52705410821643,Tropical,Acacia_parramattensis,NA,7.452691860505977e-4,2.0531263344393568e-4,3.4286381892941e-4,0.0011476745531717853
53.73747494989979,Tropical,Acacia_parramattensis,NA,7.291310020663742e-4,2.0114500139188583e-4,3.3489404366801904e-4,0.0011233679604647296
53.947895791583164,Tropical,Acacia_parramattensis,NA,7.132945963639833e-4,1.970630916529423e-4,3.2705803404210076e-4,0.0010995311586858658
54.15831663326652,Tropical,Acacia_parramattensis,NA,6.977555116321361e-4,1.9306521084090186e-4,3.193546517163365e-4,0.0010761563715479356
54.368737474949896,Tropical,Acacia_parramattensis,NA,6.825093283152465e-4,1.8914968891742682e-4,3.11782750350135e-4,0.001053235906280358
54.579158316633254,Tropical,Acacia_parramattensis,NA,6.675516649694303e-4,1.8531487934673397e-4,3.0434117565044625e-4,0.0010307621542884142
54.78957915831663,Tropical,Acacia_parramattensis,NA,6.528781785978577e-4,1.8155915923332434e-4,2.970287654371693e-4,0.001008727591758546
55,Tropical,Acacia_parramattensis,NA,6.384845649658144e-4,1.778809294428417e-4,2.8984434972133423e-4,9.871247802102946e-4
-50,Temperate,Acacia_parramattensis,NA,0.011072430903802102,0.0029624758515126594,0.005266084929767662,0.01687877687783654
-49.789579158316634,Temperate,Acacia_parramattensis,NA,0.01119164830184677,0.0029591003466773336,0.005391918195719209,0.01699137840797433
-49.57915831663327,Temperate,Acacia_parramattensis,NA,0.011311390452515597,0.0029553276943912175,0.0055190546089950165,0.017103726296036178
-49.3687374749499,Temperate,Acacia_parramattensis,NA,0.011431646936935541,0.0029511595850340595,0.005647480437638615,0.017215813436232467
-49.15831663326653,Temperate,Acacia_parramattensis,NA,0.01155240712730265,0.0029465980324951922,0.00577718110669549,0.01732763314790981
-48.947895791583164,Temperate,Acacia_parramattensis,NA,0.011673660187656719,0.002941645384559495,0.0059081411786316325,0.017439179196681805
-48.7374749498998,Temperate,Acacia_parramattensis,NA,0.011795395074733109,0.0029363043335931837,0.006040344333241586,0.01755044581622463
-48.52705410821643,Temperate,Acacia_parramattensis,NA,0.011917600538891895,0.002930577927538709,0.0061737733470279945,0.017661427730755797
-48.31663326653307,Temperate,Acacia_parramattensis,NA,0.012040265125124532,0.0029244695812277663,0.006308410072035177,0.017772120178213887
-48.1062124248497,Temperate,Acacia_parramattensis,NA,0.012163377174138568,0.0029179830880211206,0.006444235414120202,0.017882518934156932
-47.895791583166336,Temperate,Acacia_parramattensis,NA,0.012286924823520402,0.0029111226317832745,0.006581229310645728,0.017992620336395076
-47.68537074148296,Temperate,Acacia_parramattensis,NA,0.012410896008976248,0.0029038927991993273,0.006719370707580365,0.01810242131037213
-47.4749498997996,Temperate,Acacia_parramattensis,NA,0.012535278465651707,0.0028962985924405873,0.006858637535994105,0.01821191939530931
-47.26452905811623,Temperate,Acacia_parramattensis,NA,0.012660059729529634,0.0028883454421841552,0.006999006687938274,0.018321112771120994
-47.054108216432866,Temperate,Acacia_parramattensis,NA,0.012785227138906865,0.002880039220990609,0.0071404539917024785,0.01843000028611125
-46.8436873747495,Temperate,Acacia_parramattensis,NA,0.012910767835949305,0.0028713862570419924,0.007282954186443731,0.01853858148545488
-46.633266533066134,Temperate,Acacia_parramattensis,NA,0.013036668768325915,0.002862393348240619,0.007426480896187286,0.018646856640464542
-46.42284569138277,Temperate,Acacia_parramattensis,NA,0.013162916690921006,0.002853067776666644,0.007571006603202619,0.018754826778639395
-46.2124248496994,Temperate,Acacia_parramattensis,NA,0.0132894981676253,0.002843417323389843,0.007716502620763928,0.018862493714486672
-46.00200400801603,Temperate,Acacia_parramattensis,NA,0.013416399573205123,0.0028334502836277033,0.007862939065310024,0.018969860081100222
-45.791583166332664,Temperate,Acacia_parramattensis,NA,0.013543607095250002,0.002823175482238374,0.00801028482802629,0.019076929362473714
-45.5811623246493,Temperate,Acacia_parramattensis,NA,0.013671106736198205,0.0028126022895327367,0.008158507545879146,0.019183705926517265
-45.37074148296593,Temperate,Acacia_parramattensis,NA,0.013798884315440069,0.002801740637385016,0.008307573572143144,0.019290195058736994
-45.16032064128257,Temperate,Acacia_parramattensis,NA,0.013926925471498847,0.002790601035615841,0.008457447946471623,0.01939640299652607
-44.9498997995992,Temperate,Acacia_parramattensis,NA,0.01405521566428878,0.002779194588615354,0.008608094364574076,0.019502336964003483
-44.739478957915836,Temperate,Acacia_parramattensis,NA,0.014183740177450034,0.0027675330121668743,0.00875947514757731,0.019608005207322757
-44.52905811623246,Temperate,Acacia_parramattensis,NA,0.014312484120759986,0.0027556286504236034,0.00891155121116301,0.019713417030356964
-44.3186372745491,Temperate,Acacia_parramattensis,NA,0.014441432432620744,0.002743494492981953,0.009064282034592142,0.019818582830649346
-44.10821643286573,Temperate,Acacia_parramattensis,NA,0.014570569882622052,0.0027311441919849163,0.00921762562974587,0.019923514135498234
-43.897795591182366,Temperate,Acacia_parramattensis,NA,0.014699881074179301,0.0027185920791779564,0.009371538510334645,0.020028223638023958
-43.687374749499,Temperate,Acacia_parramattensis,NA,0.014829350447246231,0.0027058531828274297,0.009525975661451396,0.020132725233041066
-43.476953907815634,Temperate,Acacia_parramattensis,NA,0.014958962281101308,0.0026929432443979994,0.009680890509670786,0.02023703405253183
-43.26653306613227,Temperate,Acacia_parramattensis,NA,0.015088700697207575,0.0026798787348707147,0.00983623489392621,0.02034116650048894
-43.056112224448896,Temperate,Acacia_parramattensis,NA,0.015218549662145258,0.002666676870567152,0.009991959037427663,0.020445140286862853
-42.84569138276553,Temperate,Acacia_parramattensis,NA,0.015348492990616115,0.002653355628327423,0.01014801152091772,0.02054897446031451
-42.635270541082164,Temperate,Acacia_parramattensis,NA,0.015478514348519233,0.002639933759870999,0.010304339257600666,0.0206526894394378
-42.4248496993988,Temperate,Acacia_parramattensis,NA,0.015608597256097225,0.0026264308051490077,0.010460887470118634,0.020756307042075817
-42.21442885771543,Temperate,Acacia_parramattensis,NA,0.015738725091152105,0.002612867104475182,0.010617599669991295,0.020859850512312914
-42.00400801603207,Temperate,Acacia_parramattensis,NA,0.015868881092329958,0.0025992638091999498,0.010774417639979666,0.020963344544680247
-41.7935871743487,Temperate,Acacia_parramattensis,NA,0.01599904836247369,0.002585642890668678,0.010931281419881044,0.021066815305066332
-41.58316633266533,Temperate,Acacia_parramattensis,NA,0.016129209872042652,0.002572027147180607,0.011088129296309363,0.021170290447775943
-41.37274549098196,Temperate,Acacia_parramattensis,NA,0.016259348462598546,0.0025584402086404204,0.011244897797064182,0.02127379912813291
-41.1623246492986,Temperate,Acacia_parramattensis,NA,0.016389446850356336,0.0025449065385694824,0.011401521690739658,0.021377372009973014
-40.95190380761523,Temperate,Acacia_parramattensis,NA,0.0165194876297992,0.002531451433119574,0.011557933992272527,0.02148104126732587
-40.741482965931866,Temperate,Acacia_parramattensis,NA,0.01664945327735678,0.0025181010167086623,0.01171406597517411,0.021584840579539452
-40.5310621242485,Temperate,Acacia_parramattensis,NA,0.01677932615514508,0.002504882233876679,0.011869847191232555,0.02168880511905761
-40.320641282565134,Temperate,Acacia_parramattensis,NA,0.01690908851476755,0.0024918228369404565,0.012025205498509833,0.021792971531025267
-40.11022044088176,Temperate,Acacia_parramattensis,NA,0.01703872250117554,0.0024789513690114027,0.012180067098486931,0.021897377903864153
-39.899799599198396,Temperate,Acacia_parramattensis,NA,0.017168210156587583,0.0024662971419287987,0.012334356583233069,0.022002063729942095
-39.68937875751503,Temperate,Acacia_parramattensis,NA,0.017297533424465803,0.0024538902086563143,0.012487996993483949,0.022107069855447657
-39.478957915831664,Temperate,Acacia_parramattensis,NA,0.017426674153548444,0.0024417613296913664,0.012640909888510734,0.022212438418586153
-39.2685370741483,Temperate,Acacia_parramattensis,NA,0.01755561410193727,0.002429941933047078,0.012793015428641356,0.02231821277523318
-39.05811623246493,Temperate,Acacia_parramattensis,NA,0.01768433494123832,0.0024184640673865507,0.01294423247125643,0.02242443741122021
-38.84769539078157,Temperate,Acacia_parramattensis,NA,0.017812818260754974,0.0024073603479202858,0.013094478681021402,0.022531157840488546
-38.637274549098194,Temperate,Acacia_parramattensis,NA,0.017941045571731783,0.0023966638947209534,0.01324367065503122,0.022638420488432346
-38.42685370741483,Temperate,Acacia_parramattensis,NA,0.01806899831164766,0.0023864082631669275,0.013391724063431698,0.02274627255986362
-38.21643286573146,Temperate,Acacia_parramattensis,NA,0.018196657848557212,0.0023766273662976845,0.013538553805941468,0.022854761891172956
-38.0060120240481,Temperate,Acacia_parramattensis,NA,0.01832400548547851,0.002367355388951253,0.013684074184527242,0.022963936786429776
-37.79559118236473,Temperate,Acacia_parramattensis,NA,0.018451022464826085,0.00235862669365672,0.013828199092284128,0.023073845837368042
-37.585170340681366,Temperate,Acacia_parramattensis,NA,0.01857768997288746,0.0023504757183730133,0.013970842218340444,0.023184537727434475
-37.374749498998,Temperate,Acacia_parramattensis,NA,0.01870398914434187,0.002342936866298388,0.014111917268345894,0.023296061020337842
-37.16432865731463,Temperate,Acacia_parramattensis,NA,0.01882990106681944,0.0023360443881214965,0.014251338199814398,0.02340846393382448
-36.95390781563126,Temperate,Acacia_parramattensis,NA,0.018955406785499517,0.002329832257242834,0.014389019471283905,0.02352179409971513
-36.743486973947896,Temperate,Acacia_parramattensis,NA,0.01908048730774633,0.0023243340386615795,0.014524876303929103,0.023636098311563554
-36.53306613226453,Temperate,Acacia_parramattensis,NA,0.019205123607780542,0.002319582752393934,0.014658824953928142,0.023751422261632942
-36.322645290581164,Temperate,Acacia_parramattensis,NA,0.019329296631385027,0.0023156107324603433,0.01479078299354834,0.023867810269221714
-36.1122244488978,Temperate,Acacia_parramattensis,NA,0.019452987300643137,0.0023124494826456464,0.01492066959858939,0.023985305002696883
-35.90180360721443,Temperate,Acacia_parramattensis,NA,0.019576176518707984,0.0023101295303923487,0.015048405839516553,0.024103947197899413
-35.69138276553106,Temperate,Acacia_parramattensis,NA,0.019698845174600924,0.002308680280327092,0.015173914973341989,0.02422377537585986
-35.480961923847694,Temperate,Acacia_parramattensis,NA,0.019820974148037546,0.002308129869037764,0.015297122733082378,0.024344825562992715
-35.27054108216433,Temperate,Acacia_parramattensis,NA,0.019942544314279633,0.0023085050228079003,0.015417957611446334,0.024467131017112932
-35.06012024048096,Temperate,Acacia_parramattensis,NA,0.020063536549011034,0.0023098309200703824,0.01553635113529607,0.024590721962726
-34.8496993987976,Temperate,Acacia_parramattensis,NA,0.02018393173323615,0.002312131060359795,0.01565223812739455,0.024715625339077753
-34.63927855711423,Temperate,Acacia_parramattensis,NA,0.02030371075819884,0.002315427141518309,0.01576555695199643,0.02484186456440125
-34.428857715430865,Temperate,Acacia_parramattensis,NA,0.020422854530320365,0.0023197389468420735,0.015876249740975026,0.024969459319665703
-34.21843687374749,Temperate,Acacia_parramattensis,NA,0.02054134397615428,0.002325084243743088,0.015984262597396277,0.02509842535491228
-34.00801603206413,Temperate,Acacia_parramattensis,NA,0.02065916004735673,0.0023314786953471302,0.016089545773753922,0.025228774320959536
-33.79759519038076,Temperate,Acacia_parramattensis,NA,0.02077628372567026,0.0023389357862545128,0.016192053822459543,0.025360513628880976
-33.587174348697395,Temperate,Acacia_parramattensis,NA,0.020892696027919214,0.0023474667634624203,0.016291745716628066,0.025493646339210363
-33.37675350701403,Temperate,Acacia_parramattensis,NA,0.02100837801101521,0.0023570805931917584,0.016388584939701058,0.025628171082329364
-33.166332665330664,Temperate,Acacia_parramattensis,NA,0.021123310776970484,0.0023677839340855685,0.01648253954299021,0.02576408201095076
-32.9559118236473,Temperate,Acacia_parramattensis,NA,0.021237475477917697,0.002379581126959077,0.016573582170786673,0.02590136878504872
-32.745490981963925,Temperate,Acacia_parramattensis,NA,0.021350853321133997,0.0023924742009921425,0.016661690053248156,0.02604001658901984
-32.53507014028057,Temperate,Acacia_parramattensis,NA,0.02146342557406773,0.00240646289597283,0.016746844967829022,0.026180006180306435
-32.324649298597194,Temperate,Acacia_parramattensis,NA,0.021575173569365922,0.0024215446999344683,0.016829033170540512,0.02632131396819133
-32.11422845691383,Temperate,Acacia_parramattensis,NA,0.021686078709900556,0.002437714901285899,0.01690824529880358,0.02646391212099753
-31.903807615230463,Temperate,Acacia_parramattensis,NA,0.02179612247379205,0.0024549666543222885,0.01698447624807357,0.026607768699510526
-31.693386773547097,Temperate,Acacia_parramattensis,NA,0.021905286419427836,0.0024732910568269367,0.017057725024762032,0.02675284781409364
-31.482965931863728,Temperate,Acacia_parramattensis,NA,0.02201355219047434,0.0024926772383366005,0.01712799457825184,0.02689910980269684
-31.272545090180362,Temperate,Acacia_parramattensis,NA,0.022120901520880504,0.002513112457545585,0.01719529161499221,0.027046511426768796
-31.062124248496996,Temperate,Acacia_parramattensis,NA,0.02222731623987096,0.002534582207267497,0.017259626397770633,0.027195006081971288
-30.851703406813627,Temperate,Acacia_parramattensis,NA,0.022332778276926986,0.0025570703253564825,0.017321012533292164,0.027344544020561808
-30.64128256513026,Temperate,Acacia_parramattensis,NA,0.022437269666753648,0.002580559110009479,0.017379466751158333,0.027495072582348963
-30.430861723446895,Temperate,Acacia_parramattensis,NA,0.022540772554230867,0.002605029437923296,0.017435008677234586,0.027646536431227147
-30.22044088176353,Temperate,Acacia_parramattensis,NA,0.022643269199346974,0.0026304608838609877,0.01748766060423804,0.027798877794455907
-30.01002004008016,Temperate,Acacia_parramattensis,NA,0.02274474198211268,0.0026568318402854637,0.017537447262173902,0.02795203670205146
-29.799599198396795,Temperate,Acacia_parramattensis,NA,0.022845173407453907,0.0026841196358396192,0.01758439559101149,0.028105951223896326
-29.58917835671343,Temperate,Acacia_parramattensis,NA,0.022944546110081294,0.0027123006515858313,0.017628534517728545,0.028260557702434044
-29.37875751503006,Temperate,Acacia_parramattensis,NA,0.023042842859334875,0.002741350434058774,0.017669894739576433,0.028415790979093317
-29.168336673346694,Temperate,Acacia_parramattensis,NA,0.023140046564002075,0.0027712438043292595,0.017708508515136962,0.028571584612867188
-28.95791583166333,Temperate,Acacia_parramattensis,NA,0.023236140277107218,0.0028019549624193306,0.01774440946446205,0.028727871089752385
-28.747494989979963,Temperate,Acacia_parramattensis,NA,0.023331107200670675,0.002833457586546623,0.01777763237931751,0.02888458202202384
-28.537074148296593,Temperate,Acacia_parramattensis,NA,0.023424930690436083,0.0028657249268063873,0.017808213044296882,0.029041648336575285
-28.326653306613228,Temperate,Acacia_parramattensis,NA,0.023517594260563685,0.0028987298930202676,0.01783618806933432,0.02919900045179305
-28.116232464929862,Temperate,Acacia_parramattensis,NA,0.023609081588288287,0.002932445136590729,0.01786159473393082,0.029356568442645753
-27.905811623246493,Temperate,Acacia_parramattensis,NA,0.023699376518539796,0.002966843126297601,0.01788447084321628,0.02951428219386331
-27.695390781563127,Temperate,Acacia_parramattensis,NA,0.023788463068524963,0.003001896218058704,0.01790485459580291,0.029672071541247017
-27.48496993987976,Temperate,Acacia_parramattensis,NA,0.023876325432268454,0.0030375767187493415,0.017922784463242393,0.029829866401294515
-27.274549098196395,Temperate,Acacia_parramattensis,NA,0.023962947985111397,0.003073856944236365,0.017938299080779777,0.029987596889443018
-27.064128256513026,Temperate,Acacia_parramattensis,NA,0.02404831528816628,0.003110709271832119,0.01795143714900051,0.03014519342733205
-26.85370741482966,Temperate,Acacia_parramattensis,NA,0.024132412092725878,0.0031481061874122774,0.017962237345890114,0.030302586839561642
-26.643286573146295,Temperate,Acacia_parramattensis,NA,0.024215223344625114,0.0031860203274709934,0.01797073824876946,0.03045970844048077
-26.432865731462925,Temperate,Acacia_parramattensis,NA,0.024296734188553947,0.0032244245164072534,0.01797697826552775,0.030616490111580144
-26.22244488977956,Temperate,Acacia_parramattensis,NA,0.02437692997231987,0.003263291799349385,0.017980995574550167,0.03077286437008957
-26.012024048096194,Temperate,Acacia_parramattensis,NA,0.024455796251058193,0.003302595470831089,0.01798282807272416,0.030928764429392228
-25.80160320641283,Temperate,Acacia_parramattensis,NA,0.0245333187913889,0.003342309099633308,0.017982513330907123,0.031084124251870678
-25.59118236472946,Temperate,Acacia_parramattensis,NA,0.024609483575518315,0.00338240655010249,0.017980088556245062,0.031238878594791568
-25.380761523046093,Temperate,Acacia_parramattensis,NA,0.024684276805284063,0.003422862000248337,0.017975590560746595,0.03139296304982153
-25.170340681362728,Temperate,Acacia_parramattensis,NA,0.024757684906141914,0.0034636499569138204,0.017969055735537115,0.03154631407674671
-24.959919839679362,Temperate,Acacia_parramattensis,NA,0.024829694531093075,0.0035047452682974447,0.017960520030242916,0.03169886903194323
-24.749498997995993,Temperate,Acacia_parramattensis,NA,0.024900292564550393,0.0035461231340935605,0.017950018936982715,0.03185056619211807
-24.539078156312627,Temperate,Acacia_parramattensis,NA,0.02496946612614201,0.0035877591135009667,0.017937587478474765,0.032001344773809254
-24.32865731462926,Temperate,Acacia_parramattensis,NA,0.025037202574451266,0.003629629131334097,0.017923260199799035,0.0321511449491035
-24.118236472945892,Temperate,Acacia_parramattensis,NA,0.02510348951069129,0.0036717094824545667,0.01790707116338614,0.03229990785799644
-23.907815631262526,Temperate,Acacia_parramattensis,NA,0.025168314782312972,0.003713976834724538,0.017889053946836812,0.03244757561778913
-23.69739478957916,Temperate,Acacia_parramattensis,NA,0.025231666486545044,0.0037564082306672333,0.01786924164320744,0.03259409132988265
-23.486973947895795,Temperate,Acacia_parramattensis,NA,0.02529353297386494,0.0037989810880042526,0.017847666863427817,0.03273939908430206
-23.276553106212425,Temperate,Acacia_parramattensis,NA,0.025353902851399143,0.003841673199224278,0.01782436174054679,0.03288344396225149
-23.06613226452906,Temperate,Acacia_parramattensis,NA,0.0254127649862518,0.0038844627303233794,0.017799357935529853,0.03302617203697375
-22.855711422845694,Temperate,Acacia_parramattensis,NA,0.02547010850876041,0.003927328218843575,0.017772686644359166,0.033167530373161655
-22.645290581162325,Temperate,Acacia_parramattensis,NA,0.025525922815677272,0.0039702485713235,0.01774437860621161,0.03330746702514294
-22.43486973947896,Temperate,Acacia_parramattensis,NA,0.025580197573275718,0.004013203060263176,0.017714464112513966,0.033445931034037465
-22.224448897795593,Temperate,Acacia_parramattensis,NA,0.025632922720379866,0.004056171320693818,0.01768297301669572,0.03358287242406401
-22.014028056112227,Temperate,Acacia_parramattensis,NA,0.02568408847131682,0.0040991333464333295,0.017649934744480348,0.033718242198153295
-21.803607214428858,Temperate,Acacia_parramattensis,NA,0.025733685318790184,0.004142069486098914,0.017615378304573985,0.033851992333006384
-21.593186372745492,Temperate,Acacia_parramattensis,NA,0.025781704036673965,0.004184960438939455,0.0175793322996277,0.03398407577372023
-21.382765531062127,Temperate,Acacia_parramattensis,NA,0.02582813568272581,0.0042277872505426745,0.01754182493736455,0.034114446428087065
-21.172344689378757,Temperate,Acacia_parramattensis,NA,0.025872971601218413,0.00427053130846478,0.017502884041776735,0.03424305916066009
-20.96192384769539,Temperate,Acacia_parramattensis,NA,0.025916203425488404,0.0043131743378240425,0.017462537064310887,0.034369869786665924
-20.751503006012026,Temperate,Acacia_parramattensis,NA,0.025957823080401687,0.004355698396893876,0.01742081109497084,0.034494835065832535
-20.54108216432866,Temperate,Acacia_parramattensis,NA,0.025997822784734125,0.004398085872725676,0.017377732873277388,0.03461791269619086
-20.33066132264529,Temperate,Acacia_parramattensis,NA,0.026036195053467145,0.0044403194768272095,0.017333328799034084,0.03473906130790021
-20.120240480961925,Temperate,Acacia_parramattensis,NA,0.026072932699996967,0.004482382240917935,0.017287624942855878,0.034858240457138055
-19.90981963927856,Temperate,Acacia_parramattensis,NA,0.02610802883825699,0.004524257512779115,0.017240647056425164,0.03497541062008881
-19.699398797595194,Temperate,Acacia_parramattensis,NA,0.026141476884752376,0.004565928952213125,0.017192420582445946,0.035090533187058806
-19.488977955911825,Temperate,Acacia_parramattensis,NA,0.02617327056050616,0.004607380527123517,0.0171429706642729,0.03520357045673942
-19.27855711422846,Temperate,Acacia_parramattensis,NA,0.026203403892916238,0.004648596509724842,0.017092322155196953,0.03531448563063552
-19.068136272545093,Temperate,Acacia_parramattensis,NA,0.026231871217522424,0.004689561472888894,0.017040499627373584,0.035423242807671264
-18.857715430861724,Temperate,Acacia_parramattensis,NA,0.026258667179683,0.0047302602866321,0.016987527380383973,0.03552980697898203
-18.647294589178358,Temperate,Acacia_parramattensis,NA,0.02628378673616032,0.004770678114747098,0.01693342944942257,0.03563414402289807
-18.436873747494992,Temperate,Acacia_parramattensis,NA,0.026307225156614517,0.00481080041157992,0.016878229613107407,0.035736220700121626
-18.226452905811627,Temperate,Acacia_parramattensis,NA,0.026328978025005147,0.004850612918953055,0.016821951400912458,0.035836004649097836
-18.016032064128257,Temperate,Acacia_parramattensis,NA,0.026349041240900095,0.00489010166323342,0.01676461810022318,0.03593346438157701
-17.805611222444888,Temperate,Acacia_parramattensis,NA,0.026367411020691196,0.004929252952543397,0.016706252763018417,0.036028569278363974
-17.595190380761522,Temperate,Acacia_parramattensis,NA,0.026384083898716323,0.004968053374112268,0.016646878212183584,0.03612128958524906
-17.384769539078157,Temperate,Acacia_parramattensis,NA,0.026399056728287407,0.005006489791764694,0.016586517047461176,0.03621159640911364
-17.17434869739479,Temperate,Acacia_parramattensis,NA,0.026412326682623975,0.0050445493435422985,0.0165251916510459,0.03629946171420205
-16.963927855711425,Temperate,Acacia_parramattensis,NA,0.02642389125569205,0.0050822194394540355,0.016462924192832802,0.036384858318551296
-16.75350701402806,Temperate,Acacia_parramattensis,NA,0.026433748262947927,0.005119487759350519,0.016399736635327254,0.0364677598905686
-16.543086172344694,Temperate,Acacia_parramattensis,NA,0.0264418958419867,0.005156342250917338,0.016335650738226525,0.036548140945746876
-16.332665330661328,Temperate,Acacia_parramattensis,NA,0.02644833245309511,0.005192771127781997,0.01627068806268296,0.03662597684350726
-16.122244488977955,Temperate,Acacia_parramattensis,NA,0.026453056879708784,0.005228762867729114,0.016204869975259353,0.03670124378415822
-15.91182364729459,Temperate,Acacia_parramattensis,NA,0.02645606822877342,0.005264306211018236,0.016138217651587166,0.03677391880595968
-15.701402805611224,Temperate,Acacia_parramattensis,NA,0.02645736593101011,0.005299390158798703,0.016070752079738657,0.03684397978228156
-15.490981963927858,Temperate,Acacia_parramattensis,NA,0.02645694974108425,0.005334003971615787,0.0160024940633237,0.0369114054188448
-15.280561122244492,Temperate,Acacia_parramattensis,NA,0.026454819737678575,0.005368137168002584,0.015933464224322673,0.03697617525103448
-15.070140280561127,Temperate,Acacia_parramattensis,NA,0.02645097632346967,0.0054017795231518125,0.015863683005666172,0.037038269641273165
-14.859719438877761,Temperate,Acacia_parramattensis,NA,0.026445420225008384,0.005434921067662092,0.015793170673572707,0.03709766977644406
-14.649298597194388,Temperate,Acacia_parramattensis,NA,0.026438152492504162,0.005467552086353115,0.015721947319655226,0.0371543576653531
-14.438877755511022,Temperate,Acacia_parramattensis,NA,0.026429174499513052,0.0054996631171442345,0.015650032862807067,0.03720831613621904
-14.228456913827657,Temperate,Acacia_parramattensis,NA,0.026418487942529902,0.005531244949991231,0.015577447050878039,0.037259528834181765
-14.018036072144291,Temperate,Acacia_parramattensis,NA,0.026406094840484718,0.005562288625875987,0.015504209462151,0.03730798021881844
-13.807615230460925,Temperate,Acacia_parramattensis,NA,0.026391997534143164,0.005592785435843953,0.015430339506628869,0.037353655561657456
-13.59719438877756,Temperate,Acacia_parramattensis,NA,0.0263761986854119,0.005622726920084592,0.015355856427142281,0.03739654094368152
-13.386773547094194,Temperate,Acacia_parramattensis,NA,0.026358701276548484,0.005652104867049788,0.015280779300287352,0.037436623252809616
-13.176352705410821,Temperate,Acacia_parramattensis,NA,0.026339508609276547,0.0056809113126057706,0.015205127037203075,0.03747389018135002
-12.965931863727455,Temperate,Acacia_parramattensis,NA,0.026318624303806226,0.00570913853921384,0.015128918384197486,0.037508330223414967
-12.75551102204409,Temperate,Acacia_parramattensis,NA,0.026296052297760508,0.005736779075135692,0.015052171923231553,0.03753993267228946
-12.545090180360724,Temperate,Acacia_parramattensis,NA,0.026271796845007602,0.005763825693658985,0.0149749060722694,0.0375686876177458
-12.334669338677358,Temperate,Acacia_parramattensis,NA,0.02624586251439998,0.005790271412339212,0.014897139085503254,0.037594585943296704
-12.124248496993992,Temperate,Acacia_parramattensis,NA,0.02621825418842034,0.005816109492253856,0.014818889053461248,0.03761761932337944
-11.913827655310627,Temperate,Acacia_parramattensis,NA,0.02618897706173524,0.005841333437265148,0.014740173903005993,0.03763778022046449
-11.703406813627254,Temperate,Acacia_parramattensis,NA,0.02615803663965661,0.005865936993287787,0.01466101139723138,0.03765506188208184
-11.492985971943888,Temperate,Acacia_parramattensis,NA,0.026125438736512047,0.005889914147558127,0.014581419135265188,0.03766945833775891
-11.282565130260522,Temperate,Acacia_parramattensis,NA,0.02609118947392405,0.005913259127901565,0.014501414551984256,0.037680964395863846
-11.072144288577157,Temperate,Acacia_parramattensis,NA,0.02605529527899932,0.005935966401994928,0.014421014917649456,0.03768957564034918
-10.86172344689379,Temperate,Acacia_parramattensis,NA,0.02601776288242842,0.005958030676620836,0.014340237337466772,0.03769528842739006
-10.651302605210425,Temperate,Acacia_parramattensis,NA,0.02597859931649653,0.0059794468969111185,0.014259098751080954,0.037698099881912105
-10.44088176352706,Temperate,Acacia_parramattensis,NA,0.025937811913006148,0.006000210245576547,0.014177615932007885,0.03769800789400441
-10.230460921843687,Temperate,Acacia_parramattensis,NA,0.025895408301112463,0.006020316142120271,0.014095805487011613,0.03769501111521331
-10.02004008016032,Temperate,Acacia_parramattensis,NA,0.02585139640507204,0.006039760242032405,0.014013683855431608,0.037689108954712475
-9.809619238476955,Temperate,Acacia_parramattensis,NA,0.025805784441905868,0.006058538435963468,0.013931267308465844,0.037680301575345895
-9.59919839679359,Temperate,Acacia_parramattensis,NA,0.025758580918977262,0.0060766468488743005,0.013848571948414826,0.037668589889539694
-9.388777555110224,Temperate,Acacia_parramattensis,NA,0.025709794631486066,0.0060940818391605105,0.013765613707891854,0.03765397555508028
-9.178356713426858,Temperate,Acacia_parramattensis,NA,0.025659434659879448,0.006110839997749257,0.013682408349004081,0.03763646097075481
-8.967935871743492,Temperate,Acacia_parramattensis,NA,0.025607510367180605,0.006126918147166552,0.013598971462509287,0.03761604927185192
-8.75751503006012,Temperate,Acacia_parramattensis,NA,0.02555403139623628,0.006142313340573311,0.013515318466952688,0.03759274432551987
-8.547094188376754,Temperate,Acacia_parramattensis,NA,0.025499007666884097,0.006157022860768404,0.013431464607788256,0.03756655072597994
-8.336673346693388,Temperate,Acacia_parramattensis,NA,0.0254424493730406,0.006171044219157196,0.013347424956488399,0.0375374737895928
-8.126252505010022,Temperate,Acacia_parramattensis,NA,0.025384366979711314,0.006184375154684022,0.013263214409646307,0.03750551954977632
-7.9158316633266566,Temperate,Acacia_parramattensis,NA,0.025324771219923718,0.00619701363272731,0.013178847688074466,0.03747069475177297
-7.705410821643291,Temperate,Acacia_parramattensis,NA,0.02526367309158432,0.0062089578439559765,0.013094339335903144,0.0374330068472655
-7.494989979959925,Temperate,Acacia_parramattensis,NA,0.025201083854261005,0.006220206203145995,0.013009703719682223,0.03739246398883979
-7.284569138276552,Temperate,Acacia_parramattensis,NA,0.02513701502589178,0.006230757347955947,0.012924955027489825,0.037349075024293736
-7.074148296593187,Temperate,Acacia_parramattensis,NA,0.02507147837942118,0.006240610137660635,0.012840107268050788,0.03730284949079157
-6.863727454909821,Temperate,Acacia_parramattensis,NA,0.02500448593936551,0.00624976365184178,0.012755174269868096,0.037253797608862924
-6.653306613226455,Temperate,Acacia_parramattensis,NA,0.02493604997830817,0.006258217189034932,0.01267016968037021,0.03720193027624613
-6.442885771543089,Temperate,Acacia_parramattensis,NA,0.02486618301332654,0.006265970265331962,0.012585106965077012,0.03714725906157607
-6.232464929859724,Temperate,Acacia_parramattensis,NA,0.02479489780235136,0.006273022612938293,0.012499999406786965,0.037089796197915754
-6.022044088176358,Temperate,Acacia_parramattensis,NA,0.024722207340460312,0.006279374178684377,0.012414860104788154,0.03702955457613247
-5.811623246492985,Temperate,Acacia_parramattensis,NA,0.024648124856107047,0.006285025122490874,0.012329701974095495,0.036966547738118596
-5.601202404809619,Temperate,Acacia_parramattensis,NA,0.02457266380728684,0.006289975815787001,0.012244537744716375,0.0369007898698573
-5.390781563126254,Temperate,Acacia_parramattensis,NA,0.02449583787764062,0.006294226839881782,0.012159379960946971,0.036832295794334266
-5.180360721442888,Temperate,Acacia_parramattensis,NA,0.02441766097249862,0.006297778984287812,0.012074240980701268,0.03676108096429597
-4.969939879759522,Temperate,Acacia_parramattensis,NA,0.02433814721486498,0.006300633244997247,0.011989132974874648,0.036687161454855316
-4.7595190380761565,Temperate,Acacia_parramattensis,NA,0.024257310941345207,0.006302790822709964,0.011904067926744102,0.03661055395594631
-4.549098196392791,Temperate,Acacia_parramattensis,NA,0.02417516669801743,0.006304253121013628,0.01181905763140649,0.03653127576462837
-4.338677354709418,Temperate,Acacia_parramattensis,NA,0.024091729236249432,0.006305021744515701,0.01173411369525676,0.036449344777242106
-4.128256513026052,Temperate,Acacia_parramattensis,NA,0.0240070135084628,0.006305098496927342,0.011649247535507584,0.036364779481418016
-3.9178356713426865,Temperate,Acacia_parramattensis,NA,0.02392103466384577,0.00630448537909931,0.011564470379751775,0.03627759894793976
-3.707414829659321,Temperate,Acacia_parramattensis,NA,0.023833808044016358,0.006303184587009923,0.011479793265568937,0.03618782282246378
-3.496993987975955,Temperate,Acacia_parramattensis,NA,0.023745349178637427,0.006301198509705283,0.011395227040177612,0.03609547131709724
-3.2865731462925893,Temperate,Acacia_parramattensis,NA,0.023655673780985202,0.00629852972719199,0.011310782360134011,0.03600056520183639
-3.0761523046092236,Temperate,Acacia_parramattensis,NA,0.02356479774347304,0.006295181008282621,0.011226469691078562,0.03590312579586752
-2.865731462925851,Temperate,Acacia_parramattensis,NA,0.023472737133131926,0.006291155308394294,0.011142299307531136,0.03580317495873272
-2.655310621242485,Temperate,Acacia_parramattensis,NA,0.02337950818704954,0.00628645576730072,0.011058281292736019,0.03570073508136306
-2.4448897795591193,Temperate,Acacia_parramattensis,NA,0.023285127307769396,0.006281085706838124,0.010974425538557367,0.035595829076981424
-2.2344689378757536,Temperate,Acacia_parramattensis,NA,0.023189611058651898,0.006275048628565558,0.010890741745425947,0.03548848037187785
-2.024048096192388,Temperate,Acacia_parramattensis,NA,0.02309297615919905,0.006268348211380134,0.010807239422337925,0.03537871289606018
-1.8136272545090222,Temperate,Acacia_parramattensis,NA,0.02299523948034442,0.0062609883090876724,0.010723927886906254,0.035266551073782584
-1.6032064128256565,Temperate,Acacia_parramattensis,NA,0.022896418039710174,0.006252972947929442,0.01064081626546522,0.03515201981395513
-1.3927855711422907,Temperate,Acacia_parramattensis,NA,0.022796528996832908,0.006244306324065634,0.010557913493228571,0.035035144500437244
-1.182364729458918,Temperate,Acacia_parramattensis,NA,0.02269558964836025,0.006234992801016243,0.010475228314501905,0.03491595098221859
-0.9719438877755522,Temperate,Acacia_parramattensis,NA,0.022593617423219532,0.006225036907060062,0.010392769282949202,0.03479446556348986
-0.7615230460921865,Temperate,Acacia_parramattensis,NA,0.022490629877760893,0.006214443332592653,0.010310544761914228,0.03467071499360756
-0.5511022044088207,Temperate,Acacia_parramattensis,NA,0.022386644690876156,0.006203216927443996,0.010228562924796713,0.034544726456955596
-0.340681362725455,Temperate,Acacia_parramattensis,NA,0.02228167965909561,0.006191362698156738,0.010146831755483672,0.03441652756270755
-0.1302605210420893,Temperate,Acacia_parramattensis,NA,0.022175752691664222,0.006178885805225859,0.01006535904883577,0.03428614633449267
0.08016032064127643,Temperate,Acacia_parramattensis,NA,0.022068881805599367,0.006165791560300749,0.009984152411228877,0.03415361119996986
0.29058116232464926,Temperate,Acacia_parramattensis,NA,0.02196108512073173,0.006152085423350568,0.009903219261150767,0.03401895098031269
0.501002004008015,Temperate,Acacia_parramattensis,NA,0.021852380854731207,0.006137772999793891,0.009822566829852816,0.0338821948796096
0.7114228456913807,Temperate,Acacia_parramattensis,NA,0.021742787318119867,0.006122860037593686,0.009742202162056684,0.03374337247418305
0.9218436873747464,Temperate,Acacia_parramattensis,NA,0.02163232290927335,0.006107352424318589,0.009662132116715532,0.03360251370183117
1.1322645290581121,Temperate,Acacia_parramattensis,NA,0.021521006109413193,0.006091256184171659,0.009582363367829866,0.03345964885099652
1.3426853707414779,Temperate,Acacia_parramattensis,NA,0.02140885547759133,0.006074577474987575,0.009502902405317424,0.03331480854986523
1.5531062124248436,Temperate,Acacia_parramattensis,NA,0.021295889645668885,0.006057322585199493,0.009423755535936827,0.03316802375540094
1.7635270541082164,Temperate,Acacia_parramattensis,NA,0.02118212731329115,0.006039497930776684,0.00934492888426467,0.033019325742317626
1.9739478957915821,Temperate,Acacia_parramattensis,NA,0.021067587242860456,0.0060211100521341135,0.009266428393725509,0.0328687460919954
2.184368737474948,Temperate,Acacia_parramattensis,NA,0.02095228825450888,0.006002165611015184,0.009188259827674274,0.032716316681343484
2.3947895791583136,Temperate,Acacia_parramattensis,NA,0.020836249221072495,0.005982671387348821,0.00911042877053053,0.03256206967161446
2.6052104208416793,Temperate,Acacia_parramattensis,NA,0.020719489063069266,0.005962634276082204,0.009032940628964092,0.03240603749717444
2.815631262525045,Temperate,Acacia_parramattensis,NA,0.02060202674368209,0.005942061283990326,0.008955800633131224,0.03224825285423295
3.0260521042084108,Temperate,Acacia_parramattensis,NA,0.020483881263749063,0.005920959526463724,0.008879013837960834,0.03208874868953729
3.2364729458917836,Temperate,Acacia_parramattensis,NA,0.020365071656762664,0.005899336224275635,0.008802585124489915,0.031927558189035414
3.4468937875751493,Temperate,Acacia_parramattensis,NA,0.020245616983879722,0.00587719870032992,0.008726519201247467,0.03176471476651198
3.657314629258515,Temperate,Acacia_parramattensis,NA,0.02012553632894403,0.005854554376391079,0.008650820605686163,0.0316002520522019
3.8677354709418807,Temperate,Acacia_parramattensis,NA,0.020004848793523218,0.005831410769797672,0.008575493705660792,0.031434203881385646
4.0781563126252465,Temperate,Acacia_parramattensis,NA,0.019883573491961962,0.005807775490160582,0.008500542700952766,0.03126660428297116
4.288577154308612,Temperate,Acacia_parramattensis,NA,0.019761729546452923,0.005783656236047348,0.008425971624839634,0.03109748746806621
4.498997995991978,Temperate,Acacia_parramattensis,NA,0.019639336082127715,0.005759060791654165,0.008351784345708822,0.030926887818546606
4.709418837675351,Temperate,Acacia_parramattensis,NA,0.019516412222169065,0.0057339970234667,0.008277984568714463,0.030754839875623666
4.9198396793587165,Temperate,Acacia_parramattensis,NA,0.019392977082946353,0.005708472876911316,0.008204575837476427,0.03058137832841628
5.130260521042082,Temperate,Acacia_parramattensis,NA,0.019269049769176098,0.005682496372998045,0.008131561535820446,0.03040653800253175
5.340681362725448,Temperate,Acacia_parramattensis,NA,0.019144649369109056,0.005656075604956681,0.008058944889558365,0.030230353848659748
5.551102204408814,Temperate,Acacia_parramattensis,NA,0.019019794949745747,0.005629218734867525,0.007986728968307271,0.03005286093118422
5.761523046092179,Temperate,Acacia_parramattensis,NA,0.018894505552082046,0.005601933990288116,0.007914916687346587,0.029874094416817504
5.971943887775545,Temperate,Acacia_parramattensis,NA,0.018768800186386377,0.0055742296608774005,0.007843510809511756,0.029694089563261
6.182364729458918,Temperate,Acacia_parramattensis,NA,0.018642697827510518,0.0055461140950188725,0.007772513947123576,0.02951288170789746
6.392785571142284,Temperate,Acacia_parramattensis,NA,0.018516217410235146,0.005517595696443941,0.007701928563951828,0.029330506256518465
6.603206412825649,Temperate,Acacia_parramattensis,NA,0.018389377824652185,0.0054886829208571465,0.007631756977212073,0.0291469986720923
6.813627254509015,Temperate,Acacia_parramattensis,NA,0.018262197911585263,0.005459384272564556,0.007562001359594334,0.028962394463576194
7.024048096192381,Temperate,Acacia_parramattensis,NA,0.018134696458050003,0.005429708301106806,0.007492663741322502,0.028776729174777506
7.2344689378757465,Temperate,Acacia_parramattensis,NA,0.018006892192755565,0.005399663597898237,0.007423746012243056,0.028590038373268074
7.444889779559112,Temperate,Acacia_parramattensis,NA,0.017878803781649143,0.0053692587928735516,0.00735524992394198,0.028402357639356307
7.655310621242485,Temperate,Acacia_parramattensis,NA,0.017750449823504606,0.005338502551143382,0.007287177091888381,0.02821372255512083
7.865731462925851,Temperate,Acacia_parramattensis,NA,0.017621848845557318,0.005307403569660304,0.0072195289976038045,0.02802416869351083
8.076152304609217,Temperate,Acacia_parramattensis,NA,0.01749301929918581,0.00527597057389654,0.007152306990855475,0.027833731607516145
8.286573146292582,Temperate,Acacia_parramattensis,NA,0.01736397955564248,0.005244212314534931,0.007085512291872582,0.02764244681941238
8.496993987975948,Temperate,Acacia_parramattensis,NA,0.017234747901834248,0.005212137564174463,0.007019145993583978,0.02745034981008452
8.707414829659314,Temperate,Acacia_parramattensis,NA,0.017105342536154713,0.005179755114051808,0.006953209063876012,0.027257476008433416
8.91783567134268,Temperate,Acacia_parramattensis,NA,0.0169757815643691,0.005147073770780196,0.0068877023478691474,0.027063860780869052
9.128256513026052,Temperate,Acacia_parramattensis,NA,0.016846082995553437,0.005114102353107081,0.006822626570212018,0.026869539420894855
9.338677354709418,Temperate,Acacia_parramattensis,NA,0.016716264738089036,0.005080849688691837,0.006757982337391492,0.02667454713878658
9.549098196392784,Temperate,Acacia_parramattensis,NA,0.016586344595713773,0.00504732461090495,0.006693770140057433,0.026478919051370113
9.75951903807615,Temperate,Acacia_parramattensis,NA,0.016456340263631096,0.005013535955649923,0.006629990355360648,0.026282690171901546
9.969939879759515,Temperate,Acacia_parramattensis,NA,0.01632626932467839,0.0049794925582093315,0.006566643249302883,0.026085895400053898
10.18036072144288,Temperate,Acacia_parramattensis,NA,0.016196149245555416,0.004945203250116207,0.006503728979097232,0.0258885695120136
10.390781563126247,Temperate,Acacia_parramattensis,NA,0.01606599737311416,0.004910676856052082,0.006441247595537698,0.02569074715069062
10.601202404809612,Temperate,Acacia_parramattensis,NA,0.01593583093071129,0.0048759221907730054,0.006379199045376564,0.025492462816046016
10.811623246492985,Temperate,Acacia_parramattensis,NA,0.015805667014624117,0.0048409480560647,0.006317583173708121,0.025293750855540115
11.02204408817635,Temperate,Acacia_parramattensis,NA,0.01567552259053112,0.004805763237728106,0.006256399726357435,0.025094645454704807
11.232464929859717,Temperate,Acacia_parramattensis,NA,0.015545414490058175,0.004770376502596559,0.0061956483522727784,0.02489518062784357
11.442885771543082,Temperate,Acacia_parramattensis,NA,0.015415359407391188,0.004734796595585716,0.0061353286059203285,0.02469539020886205
11.653306613226448,Temperate,Acacia_parramattensis,NA,0.015285373895956408,0.004699032236777455,0.006075439949679906,0.02449530784223291
11.863727454909814,Temperate,Acacia_parramattensis,NA,0.015155474365168993,0.004663092118538846,0.006015981756240275,0.02429496697409771
12.07414829659318,Temperate,Acacia_parramattensis,NA,0.015025677077250903,0.004626984902677345,0.005956953310992741,0.024094400843509063
12.284569138276552,Temperate,Acacia_parramattensis,NA,0.014895998144118777,0.004590719217633226,0.005898353814421761,0.023893642473815792
12.494989979959918,Temperate,Acacia_parramattensis,NA,0.014766453524342745,0.004554303655710429,0.0058401823844912,0.023692724664194288
12.705410821643284,Temperate,Acacia_parramattensis,NA,0.014637059020176826,0.004517746770346767,0.005782438059025018,0.023491679981328634
12.91583166332665,Temperate,Acacia_parramattensis,NA,0.014507830274661616,0.004481057073424558,0.005725119798081027,0.023290540751242206
13.126252505010015,Temperate,Acacia_parramattensis,NA,0.014378782768799968,0.0044442430326226395,0.005668226486316527,0.02308933905128341
13.336673346693381,Temperate,Acacia_parramattensis,NA,0.01424993181880636,0.004407313068810756,0.0056117569353445786,0.02288810670226814
13.547094188376747,Temperate,Acacia_parramattensis,NA,0.01412129257343044,0.004370275553487222,0.0055557098860796374,0.022686875260781246
13.75751503006012,Temperate,Acacia_parramattensis,NA,0.013992880011355341,0.004333138806260767,0.005500084011071358,0.022485676011639325
13.967935871743485,Temperate,Acacia_parramattensis,NA,0.01386470893867139,0.004295911092377446,0.005444877916825476,0.022284539960517304
14.178356713426851,Temperate,Acacia_parramattensis,NA,0.01373679398642554,0.004258600620293455,0.005390090146110436,0.022083497826740645
14.388777555110224,Temperate,Acacia_parramattensis,NA,0.013609149608247075,0.0042212155392946475,0.005335719180248747,0.0218825800362454
14.599198396793582,Temperate,Acacia_parramattensis,NA,0.013481790078050018,0.004183763937163564,0.005281763441391937,0.021681816714708098
14.809619238476955,Temperate,Acacia_parramattensis,NA,0.013354729487812474,0.004146253837894683,0.005228221294777921,0.021481237680847025
15.020040080160314,Temperate,Acacia_parramattensis,NA,0.01322798174543347,0.004108693199458673,0.005175091050969829,0.02128087243989711
15.230460921843687,Temperate,Acacia_parramattensis,NA,0.013101560572667224,0.0040710899116162295,0.005122370968075064,0.021080750177259383
15.440881763527045,Temperate,Acacia_parramattensis,NA,0.012975479503135596,0.00403345179378229,0.005070059253943831,0.02088089975232736
15.651302605210418,Temperate,Acacia_parramattensis,NA,0.012849751880418477,0.003995786592941119,0.005018154068345876,0.02068134969249108
15.86172344689379,Temperate,Acacia_parramattensis,NA,0.012724390856222477,0.0039581019816129145,0.004966653525124547,0.020482128187320408
16.07214428857715,Temperate,Acacia_parramattensis,NA,0.012599409388628208,0.003920405555872506,0.004915555694327368,0.02028326308292905
16.282565130260522,Temperate,Acacia_parramattensis,NA,0.012474820240415902,0.003882704833420594,0.004864858604311949,0.020084781876519853
16.49298597194388,Temperate,Acacia_parramattensis,NA,0.01235063597746985,0.0038450072517081154,0.0048145602438266115,0.01988671171111309
16.703406813627254,Temperate,Acacia_parramattensis,NA,0.012226868967261268,0.003807320166114087,0.004764658564064604,0.019689079370457933
16.913827655310612,Temperate,Acacia_parramattensis,NA,0.012103531377409956,0.0037696508481774287,0.00471515148069133,0.01949191127412858
17.124248496993985,Temperate,Acacia_parramattensis,NA,0.011980635174324404,0.003732006483883101,0.004666036875843565,0.01929523347280524
17.334669338677344,Temperate,Acacia_parramattensis,NA,0.011858192121920472,0.0036943941720029316,0.004617312600100054,0.01909907164374089
17.545090180360717,Temperate,Acacia_parramattensis,NA,0.011736213780418388,0.00365682092249144,0.004568976474422631,0.018903451086414145
17.75551102204409,Temperate,Acacia_parramattensis,NA,0.011614711505217921,0.00361929365493693,0.004521026292067201,0.01870839671836864
17.965931863727448,Temperate,Acacia_parramattensis,NA,0.011493696445851645,0.003581819197068128,0.0044734598204639415,0.018513933071239348
18.17635270541082,Temperate,Acacia_parramattensis,NA,0.011373179545015844,0.0035444042833165344,0.004426274803065936,0.01832008428696575
18.38677354709418,Temperate,Acacia_parramattensis,NA,0.011253171537679098,0.003507055553434736,0.00437946896116583,0.018126874114192365
18.597194388777552,Temperate,Acacia_parramattensis,NA,0.01113368295026788,0.003469779551170731,0.004333039995679695,0.017934325904856066
18.80761523046091,Temperate,Acacia_parramattensis,NA,0.011014724099929166,0.00343258272299847,0.004286985588897737,0.017742462610960595
19.018036072144284,Temperate,Acacia_parramattensis,NA,0.010896305093869465,0.003395471416904624,0.004241303406201217,0.017551306781537712
19.228456913827657,Temperate,Acacia_parramattensis,NA,0.010778435828769932,0.003358451881231648,0.004195991097745112,0.017360880559794754
19.438877755511015,Temperate,Acacia_parramattensis,NA,0.01066112599027717,0.0033215302635771645,0.004151046300106096,0.017171205680448245
19.649298597194388,Temperate,Acacia_parramattensis,NA,0.010544385052569135,0.003284712609749589,0.004106466637895372,0.016982303467242898
19.859719438877747,Temperate,Acacia_parramattensis,NA,0.010428222277995803,0.0032480048627800263,0.004062249725335992,0.016794194830655612
20.07014028056112,Temperate,Acacia_parramattensis,NA,0.010312646716793826,0.003211412861990231,0.004018393167804276,0.016606900265783375
20.280561122244478,Temperate,Acacia_parramattensis,NA,0.010197667206874941,0.0031749423421166567,0.003974894563335049,0.016420439850414834
20.49098196392785,Temperate,Acacia_parramattensis,NA,0.010083292373687148,0.003138598932490277,0.003931751504090346,0.01623483324328395
20.701402805611224,Temperate,Acacia_parramattensis,NA,0.009969530630148325,0.003102388156272134,0.0038889615777913233,0.016050099682505328
20.911823647294582,Temperate,Acacia_parramattensis,NA,0.009856390176651535,0.003066315429744304,0.0038465223691132424,0.01586625798418983
21.122244488977955,Temperate,Acacia_parramattensis,NA,0.009743879001141202,0.0030303860616560604,0.0038044314610431494,0.015683326541239256
21.332665330661314,Temperate,Acacia_parramattensis,NA,0.009632004879259698,0.0029946052526249813,0.0037626864362002655,0.01550132332231913
21.543086172344687,Temperate,Acacia_parramattensis,NA,0.009520775374563289,0.0029589780945926225,0.0037212848781187965,0.015320265871007781
21.753507014028045,Temperate,Acacia_parramattensis,NA,0.009410197838807048,0.0029235095703345282,0.0036802243724932066,0.015140171305120891
21.963927855711418,Temperate,Acacia_parramattensis,NA,0.009300279412297474,0.002888204553024057,0.003639502508385719,0.01496105631620923
22.17434869739479,Temperate,Acacia_parramattensis,NA,0.009191027024312388,0.0028530678058497766,0.0035991168793961118,0.014782937169228665
22.38476953907815,Temperate,Acacia_parramattensis,NA,0.009082447393587137,0.0028181039816859263,0.003559065084793799,0.014605829702380476
22.595190380761522,Temperate,Acacia_parramattensis,NA,0.008974547028866034,0.002783317622815461,0.003519344730612093,0.014429749327119976
22.80561122244488,Temperate,Acacia_parramattensis,NA,0.008867332229518512,0.0027487131607053118,0.0034799534307048442,0.01425471102833218
23.016032064128254,Temperate,Acacia_parramattensis,NA,0.00876080908621869,0.002714294915833212,0.0034408888077654175,0.014080729364671963
23.226452905811612,Temperate,Acacia_parramattensis,NA,0.008654983481687703,0.0026800670975656873,0.0034021484943081628,0.013907818469067244
23.436873747494985,Temperate,Acacia_parramattensis,NA,0.008549861091497649,0.002646033804086554,0.0033637301336124905,0.013735992049382806
23.647294589178358,Temperate,Acacia_parramattensis,NA,0.00844544738493625,0.0026121990223754153,0.003325631380629698,0.013565263389242802
23.857715430861717,Temperate,Acacia_parramattensis,NA,0.008341747625931269,0.0025785666282355114,0.0032878499028527845,0.013395645349009753
24.06813627254509,Temperate,Acacia_parramattensis,NA,0.008238766874033437,0.0025451403863702747,0.003250383381149342,0.013227150366917533
24.278557114228448,Temperate,Acacia_parramattensis,NA,0.008136509985457193,0.002511923950508016,0.00321322951055791,0.013059790460356477
24.48897795591182,Temperate,Acacia_parramattensis,NA,0.008034981614177884,0.0024789208635739813,0.003176386001047953,0.012893577227307815
24.69939879759518,Temperate,Acacia_parramattensis,NA,0.007934186213084518,0.0024461345579091555,0.0031398505782437676,0.012728521847925268
24.909819639278552,Temperate,Acacia_parramattensis,NA,0.007834128035186795,0.002413568355535014,0.0031036209841126053,0.012564635086260986
25.120240480961925,Temperate,Acacia_parramattensis,NA,0.007734811134875687,0.002381225468463634,0.003067694977617447,0.012401927292133928
25.330661322645284,Temperate,Acacia_parramattensis,NA,0.007636239369235903,0.0023491089990522202,0.0030320703353346164,0.012240408403137188
25.541082164328657,Temperate,Acacia_parramattensis,NA,0.0075384163994095576,0.002317221940401437,0.0029967448520367233,0.012080087946782392
25.751503006012015,Temperate,Acacia_parramattensis,NA,0.007441345692009754,0.0022855671767966945,0.002961716341241343,0.011920975042778163
25.961923847695388,Temperate,Acacia_parramattensis,NA,0.007345030520582788,0.0022541474841915586,0.0029269826357257627,0.011763078405439813
26.172344689378747,Temperate,Acacia_parramattensis,NA,0.007249473967118029,0.002222965530732527,0.0028925415880083107,0.011606406346227748
26.38276553106212,Temperate,Acacia_parramattensis,NA,0.0071546789236040746,0.0021920238773242688,0.002858391070796663,0.011450966776411487
26.593186372745492,Temperate,Acacia_parramattensis,NA,0.007060648093630213,0.002161324978234552,0.002824528977403676,0.01129676720985675
26.80360721442885,Temperate,Acacia_parramattensis,NA,0.006967383994031814,0.002130871181737931,0.0027909532221311664,0.011143814765932462
27.014028056112224,Temperate,Acacia_parramattensis,NA,0.006874888956578456,0.0021006647307973358,0.002757661740622151,0.01099211617253476
27.224448897795583,Temperate,Acacia_parramattensis,NA,0.00678316512970377,0.002070707763782725,0.0027246524901821563,0.010841677769225384
27.434869739478955,Temperate,Acacia_parramattensis,NA,0.006692214480275514,0.002041002315225829,0.0026919234500700235,0.010692505510481004
27.645290581162314,Temperate,Acacia_parramattensis,NA,0.00660203879540482,0.0020115503166101265,0.0026594726217588306,0.010544604969050811
27.855711422845687,Temperate,Acacia_parramattensis,NA,0.006512639684293327,0.00198235359719512,0.002627298029167471,0.010397981339419183
28.06613226452906,Temperate,Acacia_parramattensis,NA,0.006424018580117006,0.001953413884873987,0.00259539771886352,0.010252639441370491
28.27655310621242,Temperate,Acacia_parramattensis,NA,0.006336176741945386,0.001924732807063679,0.0025637697602378952,0.010108583723652876
28.48697394789579,Temperate,Acacia_parramattensis,NA,0.006249115256694948,0.0018963118916265008,0.002532412245651985,0.009965818267737911
28.69739478957915,Temperate,Acacia_parramattensis,NA,0.006162835041115533,0.001868152567822276,0.0025013232905578523,0.009824346791673214
28.907815631262523,Temperate,Acacia_parramattensis,NA,0.006077336843808345,0.0018402561672900741,0.002470501033592084,0.009684172654024607
29.11823647294588,Temperate,Acacia_parramattensis,NA,0.005992621247274535,0.0018126239250586247,0.0024399436366440014,0.009545298857905069
29.328657314629254,Temperate,Acacia_parramattensis,NA,0.005908688669992916,0.0017852569805843783,0.0024096492848988127,0.009407728055087019
29.539078156312627,Temperate,Acacia_parramattensis,NA,0.005825539368525676,0.0017581563788163135,0.0023796161868563427,0.00927146255019501
29.749498997995985,Temperate,Acacia_parramattensis,NA,0.005743173439650861,0.0017313230712864792,0.0023498425743260897,0.009136504304975632
29.95991983967936,Temperate,Acacia_parramattensis,NA,0.0056615908225203055,0.0017047579172253292,0.0023203267023991464,0.009002854942641464
30.170340681362717,Temperate,Acacia_parramattensis,NA,0.005580791300841897,0.0016784616847008813,0.002291066849397747,0.008870515752286048
30.38076152304609,Temperate,Acacia_parramattensis,NA,0.005500774505084812,0.0016524350517807041,0.002262061316803053,0.00873948769336657
30.59118236472945,Temperate,Acacia_parramattensis,NA,0.005421539914706636,0.0016266786077158107,0.002233308429161889,0.008609771400251383
30.80160320641282,Temperate,Acacia_parramattensis,NA,0.005343086860401054,0.001601192854145443,0.0022048065339730907,0.008481367186829018
31.012024048096194,Temperate,Acacia_parramattensis,NA,0.005265414526364904,0.0015759782063218158,0.0021765540015541117,0.008354275051175697
31.222444889779553,Temperate,Acacia_parramattensis,NA,0.005188521952583465,0.0015510349943538419,0.0021485492248886494,0.008228494680278281
31.432865731462925,Temperate,Acacia_parramattensis,NA,0.00511240803713269,0.001526363464468896,0.002120790619455872,0.008104025454809507
31.643286573146284,Temperate,Acacia_parramattensis,NA,0.005037071538497244,0.001501963780291639,0.0020932766230420015,0.007980866453952486
31.853707414829657,Temperate,Acacia_parramattensis,NA,0.0049625110779031485,0.0014778360241389742,0.0020660056955348937,0.007859016460271404
32.064128256513015,Temperate,Acacia_parramattensis,NA,0.004888725141663894,0.0014539801983301896,0.0020389763187023185,0.00773847396462547
32.27454909819639,Temperate,Acacia_parramattensis,NA,0.004815712083538757,0.0014303962265113251,0.0020121869959545636,0.007619237171122951
32.48496993987976,Temperate,Acacia_parramattensis,NA,0.004743470127102346,0.0014070839549928788,0.0019856362520921256,0.007501304002112566
32.69539078156312,Temperate,Acacia_parramattensis,NA,0.004671997368124064,0.0013840431540998873,0.0019593226330390655,0.007384672103209063
32.90581162324649,Temperate,Acacia_parramattensis,NA,0.004601291776956375,0.001361273519533458,0.0019332447055627157,0.007269338848350034
33.11623246492985,Temperate,Acacia_parramattensis,NA,0.004531351200930919,0.0013387746737429107,0.0019074010569804533,0.007155301344881385
33.326653306613224,Temperate,Acacia_parramattensis,NA,0.004462173366761171,0.0013165461673075507,0.0018817902948541276,0.007042556438668214
33.53707414829658,Temperate,Acacia_parramattensis,NA,0.004393755882950645,0.0012945874803272361,0.0018564110466728068,0.006931100719228483
33.747494989979955,Temperate,Acacia_parramattensis,NA,0.004326096242205545,0.0012728980238208374,0.0018312619595244966,0.006820930524886594
33.95791583166333,Temperate,Acacia_parramattensis,NA,0.004259191823850832,0.0012514771411317417,0.0018063416997574685,0.0067120419479441955
34.16833667334669,Temperate,Acacia_parramattensis,NA,0.004193039896248601,0.001230324109339528,0.0017816489526318075,0.006604430839865396
34.37875751503006,Temperate,Acacia_parramattensis,NA,0.004127637619217693,0.001209438140676956,0.0017571824219617723,0.006498092816473613
34.58917835671342,Temperate,Acacia_parramattensis,NA,0.004062982046453692,0.0011888183839514907,0.001732940829749661,0.006393023263157723
34.79959919839679,Temperate,Acacia_parramattensis,NA,0.003999070127948081,0.0011684639259704746,0.001708922915811676,0.006289217340084486
35.01002004008015,Temperate,Acacia_parramattensis,NA,0.003935898712405705,0.0011483737929691884,0.0016851274373964396,0.00618666998741497
35.22044088176352,Temperate,Acacia_parramattensis,NA,0.0038734645496595064,0.0011285469520409806,0.0016615531687967332,0.0060853759305222795
35.430861723446895,Temperate,Acacia_parramattensis,NA,0.003811764293081629,0.001108982312568712,0.0016381989009550133,0.0059853296852082445
35.641282565130254,Temperate,Acacia_parramattensis,NA,0.0037507945019898507,0.0010896787276567178,0.001615063441063254,0.005886525562916448
35.85170340681363,Temperate,Acacia_parramattensis,NA,0.003690551644048494,0.0010706349955625577,0.0015921456121576806,0.005788957675939307
36.062124248496986,Temperate,Acacia_parramattensis,NA,0.003631032097662917,0.0010518498611278278,0.0015694442527089177,0.005692619942616916
36.27254509018036,Temperate,Acacia_parramattensis,NA,0.0035722321543665944,0.0010333220172072746,0.0015469582162080586,0.00559750609252513
36.48296593186372,Temperate,Acacia_parramattensis,NA,0.003514148021200044,0.001015050106095557,0.0015246863707491917,0.005503609671650896
36.69338677354709,Temperate,Acacia_parramattensis,NA,0.0034567758230806245,9.970327209509265e-4,0.0015026275986088351,0.005410924047552414
36.90380761523046,Temperate,Acacia_parramattensis,NA,0.0034001116051624353,9.79268407215169e-4,0.0014807807958228008,0.00531944241450207
37.11422845691382,Temperate,Acacia_parramattensis,NA,0.003344151335185496,9.617556640291607e-4,0.0014591448717609374,0.005229157798610055
37.324649298597194,Temperate,Acacia_parramattensis,NA,0.003288890905813347,9.444929456433749e-4,0.0014377187487001858,0.005140063062926508
37.53507014028055,Temperate,Acacia_parramattensis,NA,0.003234326136958365,9.274786628227419e-4,0.0014165013613964227,0.005052150912520307
37.745490981963925,Temperate,Acacia_parramattensis,NA,0.0031804527780939563,9.107111842452321e-4,0.0013954916566554804,0.004965413899532432
37.955911823647284,Temperate,Acacia_parramattensis,NA,0.0031272665105529594,8.941888378936003e-4,0.0013746885929037784,0.00487984442820214
38.16633266533066,Temperate,Acacia_parramattensis,NA,0.0030747629498114387,8.779099124396897e-4,0.0013540911397589349,0.004795434759863942
38.37675350701403,Temperate,Acacia_parramattensis,NA,0.0030229376477572483,8.618726586207635e-4,0.0013336982776007674,0.004712177017913729
38.58717434869739,Temperate,Acacia_parramattensis,NA,0.0029717860949426147,8.460752906073177e-4,0.0013135089971430126,0.0046300631927422165
38.79759519038076,Temperate,Acacia_parramattensis,NA,0.002921303722820113,8.30515987361859e-4,0.001293522299006147,0.004549085146634079
39.00801603206412,Temperate,Acacia_parramattensis,NA,0.0028714859059613585,8.151928939881456e-4,0.001273737193291615,0.004469234618631102
39.21843687374749,Temperate,Acacia_parramattensis,NA,0.0028223279642577777,8.001041230703972e-4,0.0012541526991577965,0.004390503229357759
39.42885771543085,Temperate,Acacia_parramattensis,NA,0.0027738251651029324,7.85247756002042e-4,0.0012347678443980342,0.00431288248580783
39.639278557114224,Temperate,Acacia_parramattensis,NA,0.002725972725555625,7.706218443034898e-4,0.001215581665020952,0.004236363786090298
39.8496993987976,Temperate,Acacia_parramattensis,NA,0.0026787658144834356,7.562244109285735e-4,0.0011965932048334138,0.004160938424133457
40.060120240480956,Temperate,Acacia_parramattensis,NA,0.002632199554685976,7.420534515591891e-4,0.001177801515026328,0.004086597594345624
40.27054108216433,Temperate,Acacia_parramattensis,NA,0.002586269024997372,7.281069358877617e-4,0.0011592056537635454,0.0040133323962311986
40.48096192384769,Temperate,Acacia_parramattensis,NA,0.002540969262367522,7.143828088871664e-4,0.0011408046857741157,0.003941133838960928
40.69138276553106,Temperate,Acacia_parramattensis,NA,0.0024962952639215226,7.008789920677151e-4,0.001122597681948067,0.0038699928458949782
40.90180360721442,Temperate,Acacia_parramattensis,NA,0.0024522419889969178,6.875933847209027e-4,0.0011045837189359552,0.0037999002590578803
41.11222444889779,Temperate,Acacia_parramattensis,NA,0.0024088043611581933,6.745238651495472e-4,0.001086761878752329,0.0037308468435640575
41.322645290581164,Temperate,Acacia_parramattensis,NA,0.0023659772701881796,6.616682918840434e-4,0.0010691312483833185,0.003662823291993041
41.53306613226452,Temperate,Acacia_parramattensis,NA,0.002323755574055888,6.490245048844191e-4,0.0010516909193984867,0.0035958202287132896
41.743486973947896,Temperate,Acacia_parramattensis,NA,0.002282134100860398,6.365903267279211e-4,0.0010344399875670872,0.003529828214153709
41.953907815631254,Temperate,Acacia_parramattensis,NA,0.0022411076507504314,6.243635637818701e-4,0.0010173775524788893,0.0034648377490219735
42.16432865731463,Temperate,Acacia_parramattensis,NA,0.002200670997819224,6.123420073615368e-4,0.0010005027171696515,0.0034008392784687968
42.374749498997986,Temperate,Acacia_parramattensis,NA,0.0021608188919743964,6.005234348728121e-4,9.838145877514002e-4,0.0033378231961973927
42.58517034068136,Temperate,Acacia_parramattensis,NA,0.0021215460607824314,5.889056109394436e-4,9.673122730475649e-4,0.0032757798485172976
42.79559118236473,Temperate,Acacia_parramattensis,NA,0.002082847211287565,5.774862885146637e-4,9.509948842331176e-4,0.003214699538342012
43.00601202404809,Temperate,Acacia_parramattensis,NA,0.002044717031804676,5.662632099769898e-4,9.348615344797338e-4,0.0031545725291296177
43.21643286573146,Temperate,Acacia_parramattensis,NA,0.0020071501936859758,5.552341082100417e-4,9.189113386060793e-4,0.003095389048765872
43.42685370741482,Temperate,Acacia_parramattensis,NA,0.0019701413530612954,5.443967076662308e-4,9.03143412733303e-4,0.003037139293389288
43.637274549098194,Temperate,Acacia_parramattensis,NA,0.0019336851525516038,5.337487254141374e-4,8.875568739457362e-4,0.0029798134311574713
43.84769539078155,Temperate,Acacia_parramattensis,NA,0.0018977762229556764,5.232878721694821e-4,8.721508399568919e-4,0.002923401605954461
44.058116232464926,Temperate,Acacia_parramattensis,NA,0.0018624091849096219,5.130118533095391e-4,8.569244287807802e-4,0.0028678939410384636
44.2685370741483,Temperate,Acacia_parramattensis,NA,0.0018275786505191618,5.029183698709061e-4,8.418767584085921e-4,0.0028132805426297315
44.47895791583166,Temperate,Acacia_parramattensis,NA,0.0017932792249644206,4.930051195305133e-4,8.270069464907503e-4,0.002759551503438091
44.68937875751503,Temperate,Acacia_parramattensis,NA,0.001759505508077137,4.832697975697887e-4,8.123141100243889e-4,0.0027066969061298853
44.89979959919839,Temperate,Acacia_parramattensis,NA,0.0017262520958901434,4.737100978219086e-4,7.977973650462569e-4,0.00265470682673403
45.11022044088176,Temperate,Acacia_parramattensis,NA,0.0016935135821590085,4.6432371360205786e-4,7.834558263310845e-4,0.0026035713379869325
45.32064128256512,Temperate,Acacia_parramattensis,NA,0.0016612845598557174,4.5510833862063795e-4,7.692886070954079e-4,0.0025532805126160267
45.53106212424849,Temperate,Acacia_parramattensis,NA,0.0016295596226343322,4.460616678793741e-4,7.552948187068921e-4,0.002503824426561772
45.74148296593185,Temperate,Acacia_parramattensis,NA,0.0015983333662685673,4.3718139855028455e-4,7.414735703991584e-4,0.0024551931621379763
45.951903807615224,Temperate,Acacia_parramattensis,NA,0.0015676003900611803,4.2846523083745505e-4,7.278239689921281e-4,0.0024073768111302326
46.1623246492986,Temperate,Acacia_parramattensis,NA,0.0015373552982252204,4.1991086882161774e-4,7.143451186179267e-4,0.002360365477832514
46.372745490981956,Temperate,Acacia_parramattensis,NA,0.0015075927012370217,4.1151602128748063e-4,7.010361204523416e-4,0.0023141492820217017
46.58316633266533,Temperate,Acacia_parramattensis,NA,0.0014783072171609816,4.0327840253380465e-4,6.878960724518782e-4,0.002268718361870085
46.79358717434869,Temperate,Acacia_parramattensis,NA,0.001449493472946146,3.951957331662195e-4,6.749240690964546e-4,0.0022240628767958375
47.00400801603206,Temperate,Acacia_parramattensis,NA,0.001421146105694555,3.8726574087274946e-4,6.62119201137745e-4,0.002180173010251365
47.21442885771542,Temperate,Acacia_parramattensis,NA,0.0013932597639014382,3.794861611820593e-4,6.494805553532402e-4,0.0021370389724496364
47.42484969939879,Temperate,Acacia_parramattensis,NA,0.0013658291086672749,3.718547382044094e-4,6.370072143060621e-4,0.0020946510030284875
47.635270541082164,Temperate,Acacia_parramattensis,NA,0.001338848814881795,3.6436922535532535e-4,6.246982561105988e-4,0.002052999373652991
47.84569138276552,Temperate,Acacia_parramattensis,NA,0.0013123135723799623,3.5702738606197427e-4,6.125527542040153e-4,0.002012074390555909
48.056112224448896,Temperate,Acacia_parramattensis,NA,0.0012862180870700487,3.4982699445225917e-4,6.005697771237276e-4,0.0019718663970163695
48.266533066132254,Temperate,Acacia_parramattensis,NA,0.0012605570820338865,3.427658360266346e-4,5.887483882909211e-4,0.0019323657757768517
48.47695390781563,Temperate,Acacia_parramattensis,NA,0.0012353252985993855,3.3584170831264256e-4,5.770876458002001e-4,0.0018935629513985707
48.687374749498986,Temperate,Acacia_parramattensis,NA,0.001210517497385465,3.2905242150218285e-4,5.655866022154935e-4,0.0018554483925554365
48.89779559118236,Temperate,Acacia_parramattensis,NA,0.001186128459319498,3.223957990715163e-4,5.542443043723144e-4,0.0018180126142666817
49.10821643286573,Temperate,Acacia_parramattensis,NA,0.0011621529866274226,3.1586967838400905e-4,5.43059793186515e-4,0.0017812461800683303
49.31863727454909,Temperate,Acacia_parramattensis,NA,0.0011385859037966598,3.094719112756206e-4,5.320321034696686e-4,0.001745139704123651
49.52905811623246,Temperate,Acacia_parramattensis,NA,0.001115422058512006,3.032003646231406e-4,5.211602637512383e-4,0.0017096838532727737
49.73947895791582,Temperate,Acacia_parramattensis,NA,0.001092656322564673,2.9705292089518104e-4,5.104432961076925e-4,0.0016748693490216534
49.949899799599194,Temperate,Acacia_parramattensis,NA,0.0010702835927346155,2.910274786859102e-4,4.998802159987334e-4,0.0016406869694704975
50.16032064128255,Temperate,Acacia_parramattensis,NA,0.0010482987916464127,2.85121953231555e-4,4.894700321108514e-4,0.001607127551181974
50.370741482965926,Temperate,Acacia_parramattensis,NA,0.0010266968685987978,2.7933427690964095e-4,4.792117462083632e-4,0.0015741819909892325
50.5811623246493,Temperate,Acacia_parramattensis,NA,0.0010054728003681406,2.7366239972099397e-4,4.6910435299218835e-4,0.0015418412477440928
50.79158316633266,Temperate,Acacia_parramattensis,NA,9.846215919860153e-4,2.6810428975448215e-4,4.5914683996653937e-4,0.0015100963440054912
51.00200400801603,Temperate,Acacia_parramattensis,NA,9.641382774911336e-4,2.626579336345062e-4,4.493381873137899e-4,0.0014789383676684772
51.21242484969939,Temperate,Acacia_parramattensis,NA,9.440179206558357e-4,2.573213369512273e-4,4.3967736777773445e-4,0.0014483584735339367
51.42284569138276,Temperate,Acacia_parramattensis,NA,9.242556156873937e-4,2.520925246735302e-4,4.301633465554997e-4,0.0014183478848192876
51.63326653306612,Temperate,Acacia_parramattensis,NA,9.048464879043676e-4,2.469695415447174e-4,4.207950811983529e-4,0.0013888978946103823
51.84368737474949,Temperate,Acacia_parramattensis,NA,8.857856943882583e-4,2.419504524609283e-4,4.1157152152166847e-4,0.0013599998672548482
52.054108216432866,Temperate,Acacia_parramattensis,NA,8.670684246107263e-4,2.3703334283228125e-4,4.024916095243198e-4,0.0013316452396971328
52.264529058116224,Temperate,Acacia_parramattensis,NA,8.486899010366282e-4,2.3221631892673662e-4,3.935542793177577e-4,0.0013038255227554988
52.4749498997996,Temperate,Acacia_parramattensis,NA,8.306453797031456e-4,2.274975081966789e-4,3.8475845706504935e-4,0.0012765323023412418
52.685370741482956,Temperate,Acacia_parramattensis,NA,8.129301507752855e-4,2.2287505958822306e-4,3.7610306093014995e-4,0.001249757240620421
52.89579158316633,Temperate,Acacia_parramattensis,NA,7.955395390780211e-4,2.1834714383324761e-4,3.675870010376689e-4,0.0012234920771183734
53.10621242484969,Temperate,Acacia_parramattensis,NA,7.78468904605375e-4,2.1391195372416684e-4,3.5920917944340944e-4,0.0011977286297673406
53.31663326653306,Temperate,Acacia_parramattensis,NA,7.617136430067185e-4,2.0956770437145382e-4,3.509684901159319e-4,0.0011724587958975052
53.52705410821643,Temperate,Acacia_parramattensis,NA,7.452691860505977e-4,2.0531263344393568e-4,3.4286381892941e-4,0.0011476745531717853
53.73747494989979,Temperate,Acacia_parramattensis,NA,7.291310020663742e-4,2.0114500139188583e-4,3.3489404366801904e-4,0.0011233679604647296
53.947895791583164,Temperate,Acacia_parramattensis,NA,7.132945963639833e-4,1.970630916529423e-4,3.2705803404210076e-4,0.0010995311586858658
54.15831663326652,Temperate,Acacia_parramattensis,NA,6.977555116321361e-4,1.9306521084090186e-4,3.193546517163365e-4,0.0010761563715479356
54.368737474949896,Temperate,Acacia_parramattensis,NA,6.825093283152465e-4,1.8914968891742682e-4,3.11782750350135e-4,0.001053235906280358
54.579158316633254,Temperate,Acacia_parramattensis,NA,6.675516649694303e-4,1.8531487934673397e-4,3.0434117565044625e-4,0.0010307621542884142
54.78957915831663,Temperate,Acacia_parramattensis,NA,6.528781785978577e-4,1.8155915923332434e-4,2.970287654371693e-4,0.001008727591758546
55,Temperate,Acacia_parramattensis,NA,6.384845649658144e-4,1.778809294428417e-4,2.8984434972133423e-4,9.871247802102946e-4
